"LOCATION","VAR","TIME","Value"
"AUS","BB-P100-TOT",2016,30.483
"AUS","BB-P100-TOT",2018,33.719
"AUT","BB-P100-TOT",2016,28.87
"AUT","BB-P100-TOT",2018,28.53
"BEL","BB-P100-TOT",2016,37.687
"BEL","BB-P100-TOT",2018,39.406
"CAN","BB-P100-TOT",2016,37.072
"CAN","BB-P100-TOT",2018,38.643
"CZE","BB-P100-TOT",2016,29.003
"CZE","BB-P100-TOT",2018,30.249
"DNK","BB-P100-TOT",2016,42.964
"DNK","BB-P100-TOT",2018,43.768
"FIN","BB-P100-TOT",2016,31.154
"FIN","BB-P100-TOT",2018,31.489
"FRA","BB-P100-TOT",2016,41.418
"FRA","BB-P100-TOT",2018,43.257
"DEU","BB-P100-TOT",2016,38.698
"DEU","BB-P100-TOT",2018,41.194
"GRC","BB-P100-TOT",2016,33.563
"GRC","BB-P100-TOT",2018,36.939
"HUN","BB-P100-TOT",2016,28.679
"HUN","BB-P100-TOT",2018,31.502
"ISL","BB-P100-TOT",2016,38.17
"ISL","BB-P100-TOT",2018,38.717
"IRL","BB-P100-TOT",2016,28.642
"IRL","BB-P100-TOT",2018,29.423
"ITA","BB-P100-TOT",2016,25.554
"ITA","BB-P100-TOT",2018,28.233
"JPN","BB-P100-TOT",2016,30.625
"JPN","BB-P100-TOT",2018,31.687
"KOR","BB-P100-TOT",2016,39.73
"KOR","BB-P100-TOT",2018,41.246
"LUX","BB-P100-TOT",2016,34.771
"LUX","BB-P100-TOT",2018,36.827
"MEX","BB-P100-TOT",2016,13.04
"MEX","BB-P100-TOT",2018,14.737
"NLD","BB-P100-TOT",2016,42.408
"NLD","BB-P100-TOT",2018,42.978
"NZL","BB-P100-TOT",2016,33.046
"NZL","BB-P100-TOT",2018,34.182
"NOR","BB-P100-TOT",2016,40.24
"NOR","BB-P100-TOT",2018,41.526
"POL","BB-P100-TOT",2016,18.327
"POL","BB-P100-TOT",2018,20.204
"PRT","BB-P100-TOT",2016,32.692
"PRT","BB-P100-TOT",2018,36.802
"SVK","BB-P100-TOT",2016,24.61
"SVK","BB-P100-TOT",2018,27.69
"ESP","BB-P100-TOT",2016,30.492
"ESP","BB-P100-TOT",2018,32.007
"SWE","BB-P100-TOT",2016,37.079
"SWE","BB-P100-TOT",2018,39.052
"CHE","BB-P100-TOT",2016,45.682
"CHE","BB-P100-TOT",2018,46.243
"TUR","BB-P100-TOT",2016,13.244
"TUR","BB-P100-TOT",2018,16.469
"GBR","BB-P100-TOT",2016,38.803
"GBR","BB-P100-TOT",2018,40.018
"USA","BB-P100-TOT",2016,32.697
"USA","BB-P100-TOT",2018,33.859
"AUS","BB-P100-DSL",2016,21.195
"AUS","BB-P100-DSL",2018,19.482
"AUT","BB-P100-DSL",2016,18.692
"AUT","BB-P100-DSL",2018,17.641
"BEL","BB-P100-DSL",2016,18.237
"BEL","BB-P100-DSL",2018,18.607
"CAN","BB-P100-DSL",2016,12.349
"CAN","BB-P100-DSL",2018,10.948
"CZE","BB-P100-DSL",2016,8.61
"CZE","BB-P100-DSL",2018,8.374
"DNK","BB-P100-DSL",2016,18.337
"DNK","BB-P100-DSL",2018,14.898
"FIN","BB-P100-DSL",2016,10.791
"FIN","BB-P100-DSL",2018,7.342
"FRA","BB-P100-DSL",2016,32.477
"FRA","BB-P100-DSL",2018,29.082
"DEU","BB-P100-DSL",2016,29.194
"DEU","BB-P100-DSL",2018,30.151
"GRC","BB-P100-DSL",2016,33.446
"GRC","BB-P100-DSL",2018,36.831
"HUN","BB-P100-DSL",2016,8.041
"HUN","BB-P100-DSL",2018,7.51
"ISL","BB-P100-DSL",2016,25.297
"ISL","BB-P100-DSL",2018,18.073
"IRL","BB-P100-DSL",2016,19.669
"IRL","BB-P100-DSL",2018,18.816
"ITA","BB-P100-DSL",2016,20.01
"ITA","BB-P100-DSL",2018,14.177
"JPN","BB-P100-DSL",2016,2.267
"JPN","BB-P100-DSL",2018,1.44
"KOR","BB-P100-DSL",2016,2.279
"KOR","BB-P100-DSL",2018,1.35
"LUX","BB-P100-DSL",2016,23.917
"LUX","BB-P100-DSL",2018,20.154
"MEX","BB-P100-DSL",2016,6.269
"MEX","BB-P100-DSL",2018,5.754
"NLD","BB-P100-DSL",2016,16.612
"NLD","BB-P100-DSL",2018,15.402
"NZL","BB-P100-DSL",2016,23.071
"NZL","BB-P100-DSL",2018,14.562
"NOR","BB-P100-DSL",2016,11.96
"NOR","BB-P100-DSL",2018,9.22
"POL","BB-P100-DSL",2016,6.495
"POL","BB-P100-DSL",2018,5.358
"PRT","BB-P100-DSL",2016,8.867
"PRT","BB-P100-DSL",2018,5.898
"SVK","BB-P100-DSL",2016,8.971
"SVK","BB-P100-DSL",2018,8.789
"ESP","BB-P100-DSL",2016,13.614
"ESP","BB-P100-DSL",2018,7.998
"SWE","BB-P100-DSL",2016,9.663
"SWE","BB-P100-DSL",2018,6.132
"CHE","BB-P100-DSL",2016,24.805
"CHE","BB-P100-DSL",2018,23.734
"TUR","BB-P100-DSL",2016,9.794
"TUR","BB-P100-DSL",2018,11.659
"GBR","BB-P100-DSL",2016,30.982
"GBR","BB-P100-DSL",2018,31.338
"USA","BB-P100-DSL",2016,8.218
"USA","BB-P100-DSL",2018,6.704
"AUS","BB-P100-CAB",2016,4.332
"AUS","BB-P100-CAB",2018,6.05
"AUT","BB-P100-CAB",2016,9.377
"AUT","BB-P100-CAB",2018,9.852
"BEL","BB-P100-CAB",2016,19.286
"BEL","BB-P100-CAB",2018,20.476
"CAN","BB-P100-CAB",2016,19.499
"CAN","BB-P100-CAB",2018,20.318
"CZE","BB-P100-CAB",2016,5.331
"CZE","BB-P100-CAB",2018,5.615
"DNK","BB-P100-CAB",2016,12.843
"DNK","BB-P100-CAB",2018,14.368
"FIN","BB-P100-CAB",2016,7.497
"FIN","BB-P100-CAB",2018,7.868
"FRA","BB-P100-CAB",2016,5.192
"FRA","BB-P100-CAB",2018,6.363
"DEU","BB-P100-CAB",2016,8.7
"DEU","BB-P100-CAB",2018,9.626
"HUN","BB-P100-CAB",2016,14.035
"HUN","BB-P100-CAB",2018,15.478
"IRL","BB-P100-CAB",2017,7.778
"IRL","BB-P100-CAB",2019,7.54
"JPN","BB-P100-CAB",2017,5.439
"JPN","BB-P100-CAB",2019,5.355
"KOR","BB-P100-CAB",2017,7.502
"KOR","BB-P100-CAB",2019,6.12
"LUX","BB-P100-CAB",2017,3.702
"LUX","BB-P100-CAB",2019,3.604
"MEX","BB-P100-CAB",2017,5.06
"MEX","BB-P100-CAB",2019,5.999
"NLD","BB-P100-CAB",2017,19.847
"NLD","BB-P100-CAB",2019,20.26
"NZL","BB-P100-CAB",2017,1.421
"NZL","BB-P100-CAB",2019,1.114
"NOR","BB-P100-CAB",2017,11.816
"NOR","BB-P100-CAB",2019,11.183
"POL","BB-P100-CAB",2017,7.15
"POL","BB-P100-CAB",2019,7.411
"PRT","BB-P100-CAB",2017,11.327
"PRT","BB-P100-CAB",2019,11.636
"SVK","BB-P100-CAB",2017,3.129
"SVK","BB-P100-CAB",2019,3.248
"ESP","BB-P100-CAB",2017,5.653
"ESP","BB-P100-CAB",2019,4.798
"SWE","BB-P100-CAB",2017,6.79
"SWE","BB-P100-CAB",2019,6.484
"CHE","BB-P100-CAB",2017,14.891
"CHE","BB-P100-CAB",2019,12.644
"TUR","BB-P100-CAB",2017,1.029
"TUR","BB-P100-CAB",2019,1.318
"GBR","BB-P100-CAB",2017,7.738
"GBR","BB-P100-CAB",2019,7.895
"USA","BB-P100-CAB",2017,20.342
"USA","BB-P100-CAB",2019,22.035
"LUX","BB-P100-OTH",2018,0.164
"MEX","BB-P100-OTH",2016,0.004
"MEX","BB-P100-OTH",2018,0.302
"NOR","BB-P100-OTH",2016,0.02
"NOR","BB-P100-OTH",2018,0.027
"POL","BB-P100-OTH",2016,1.228
"POL","BB-P100-OTH",2018,1.113
"PRT","BB-P100-OTH",2016,0.03
"PRT","BB-P100-OTH",2018,0.035
"SVK","BB-P100-OTH",2016,0.097
"SVK","BB-P100-OTH",2018,1.355
"ESP","BB-P100-OTH",2016,0.003
"ESP","BB-P100-OTH",2018,0.004
"SWE","BB-P100-OTH",2016,0.069
"SWE","BB-P100-OTH",2018,0.072
"CHE","BB-P100-OTH",2016,0.622
"CHE","BB-P100-OTH",2018,0.741
"TUR","BB-P100-OTH",2016,0.077
"TUR","BB-P100-OTH",2018,0.211
"USA","BB-P100-OTH",2016,0.202
"USA","BB-P100-OTH",2018,0.183
"AUS","BB-P100-FIB",2016,4.216
"AUS","BB-P100-FIB",2018,6.553
"AUT","BB-P100-FIB",2016,0.468
"AUT","BB-P100-FIB",2018,0.711
"BEL","BB-P100-FIB",2016,0.113
"BEL","BB-P100-FIB",2018,0.284
"CAN","BB-P100-FIB",2016,3.697
"CAN","BB-P100-FIB",2018,5.58
"CZE","BB-P100-FIB",2016,4.946
"CZE","BB-P100-FIB",2018,5.857
"DNK","BB-P100-FIB",2016,11.014
"DNK","BB-P100-FIB",2018,13.695
"FIN","BB-P100-FIB",2016,12.72
"FIN","BB-P100-FIB",2018,16.098
"FRA","BB-P100-FIB",2016,3.24
"FRA","BB-P100-FIB",2018,7.136
"DEU","BB-P100-FIB",2016,0.699
"DEU","BB-P100-FIB",2018,1.312
"GRC","BB-P100-FIB",2016,0.058
"GRC","BB-P100-FIB",2018,0.057
"HUN","BB-P100-FIB",2016,5.275
"HUN","BB-P100-FIB",2018,7.437
"ISL","BB-P100-FIB",2016,12.627
"ISL","BB-P100-FIB",2018,20.486
"IRL","BB-P100-FIB",2016,0.161
"IRL","BB-P100-FIB",2018,1.865
"ITA","BB-P100-FIB",2016,0.723
"ITA","BB-P100-FIB",2018,1.43
"JPN","BB-P100-FIB",2016,22.956
"JPN","BB-P100-FIB",2018,24.811
"KOR","BB-P100-FIB",2016,29.642
"KOR","BB-P100-FIB",2018,33.151
"LUX","BB-P100-FIB",2016,6.951
"LUX","BB-P100-FIB",2018,12.845
"MEX","BB-P100-FIB",2016,2.08
"MEX","BB-P100-FIB",2018,2.986
"NLD","BB-P100-FIB",2016,6.171
"NLD","BB-P100-FIB",2018,7.434
"NZL","BB-P100-FIB",2016,7.023
"NZL","BB-P100-FIB",2018,14.73
"NOR","BB-P100-FIB",2016,15.267
"NOR","BB-P100-FIB",2018,20.098
"POL","BB-P100-FIB",2016,1.498
"POL","BB-P100-FIB",2018,4.139
"PRT","BB-P100-FIB",2016,10.55
"PRT","BB-P100-FIB",2018,16.635
"SVK","BB-P100-FIB",2016,7.039
"SVK","BB-P100-FIB",2018,8.438
"ESP","BB-P100-FIB",2016,10.658
"ESP","BB-P100-FIB",2018,18.401
"SWE","BB-P100-FIB",2016,20.452
"SWE","BB-P100-FIB",2018,26.143
"CHE","BB-P100-FIB",2016,5.364
"CHE","BB-P100-FIB",2018,8.46
"TUR","BB-P100-FIB",2016,2.43
"TUR","BB-P100-FIB",2018,3.44
"GBR","BB-P100-FIB",2016,0.292
"GBR","BB-P100-FIB",2018,0.769
"USA","BB-P100-FIB",2016,3.728
"USA","BB-P100-FIB",2018,4.893
"CHL","BB-P100-TOT",2016,15.891
"CHL","BB-P100-TOT",2018,17.318
"CHL","BB-P100-DSL",2016,4.553
"CHL","BB-P100-DSL",2018,3.123
"CHL","BB-P100-CAB",2016,8.578
"CHL","BB-P100-CAB",2018,9.498
"CHL","BB-P100-OTH",2016,1.074
"CHL","BB-P100-OTH",2018,0.894
"CHL","BB-P100-FIB",2016,1.604
"CHL","BB-P100-FIB",2018,3.744
"EST","BB-P100-TOT",2016,30.139
"EST","BB-P100-TOT",2018,31.964
"EST","BB-P100-DSL",2016,10.51
"EST","BB-P100-DSL",2018,9.677
"EST","BB-P100-CAB",2016,7.113
"EST","BB-P100-CAB",2018,7.448
"EST","BB-P100-OTH",2016,0.517
"EST","BB-P100-OTH",2018,0.276
"EST","BB-P100-FIB",2016,10.503
"EST","BB-P100-FIB",2018,12.272
"ISR","BB-P100-TOT",2016,26.489
"ISR","BB-P100-TOT",2018,27.413
"ISR","BB-P100-DSL",2016,18.236
"ISR","BB-P100-DSL",2018,18.647
"ISR","BB-P100-CAB",2016,8.205
"ISR","BB-P100-CAB",2018,8.22
"ISR","BB-P100-FIB",2016,0.047
"AUT","BB-SUBS-TOT",2016,2523200
"AUT","BB-SUBS-TOT",2018,2521379
"AUT","BB-SUBS-CAB",2016,819500
"AUT","BB-SUBS-CAB",2018,870722
"AUT","BB-SUBS-DSL",2016,1633600
"AUT","BB-SUBS-DSL",2018,1559060
"AUT","BB-SUBS-FIB",2016,40900
"AUT","BB-SUBS-FIB",2018,62855
"AUT","BB-SUBS-OTH",2016,500
"AUT","BB-SUBS-OTH",2018,500
"BEL","BB-SUBS-TOT",2016,4270309
"BEL","BB-SUBS-TOT",2018,4502950
"BEL","BB-SUBS-CAB",2016,2185263
"BEL","BB-SUBS-CAB",2018,2339840
"BEL","BB-SUBS-DSL",2016,2066466
"BEL","BB-SUBS-DSL",2018,2126179
"BEL","BB-SUBS-FIB",2016,12753
"BEL","BB-SUBS-FIB",2018,32464
"BEL","BB-SUBS-OTH",2016,5613
"BEL","BB-SUBS-OTH",2018,4467
"CAN","BB-SUBS-TOT",2016,13386496
"CAN","BB-SUBS-TOT",2018,14320220
"CAN","BB-SUBS-CAB",2016,7041069
"CAN","BB-SUBS-CAB",2018,7529491
"CAN","BB-SUBS-DSL",2016,4459158
"CAN","BB-SUBS-DSL",2018,4056948
"CAN","BB-SUBS-FIB",2016,1334977
"CAN","BB-SUBS-FIB",2018,2068019
"CAN","BB-SUBS-OTH",2016,3286
"CAN","BB-SUBS-OTH",2018,1760
"CZE","BB-SUBS-TOT",2016,3064291
"CZE","BB-SUBS-TOT",2018,3214401
"CZE","BB-SUBS-CAB",2016,563274
"CZE","BB-SUBS-CAB",2018,596710
"CZE","BB-SUBS-DSL",2016,909696
"CZE","BB-SUBS-DSL",2018,889813
"CZE","BB-SUBS-FIB",2016,522552
"CZE","BB-SUBS-FIB",2018,622346
"CZE","BB-SUBS-OTH",2016,17
"CZE","BB-SUBS-OTH",2018,15
"DNK","BB-SUBS-TOT",2016,2461403
"DNK","BB-SUBS-TOT",2018,2535904
"DNK","BB-SUBS-CAB",2016,735785
"DNK","BB-SUBS-CAB",2018,832460
"DNK","BB-SUBS-DSL",2016,1050520
"DNK","BB-SUBS-DSL",2018,863218
"DNK","BB-SUBS-FIB",2016,630970
"DNK","BB-SUBS-FIB",2018,793514
"DNK","BB-SUBS-OTH",2016,26067
"DNK","BB-SUBS-OTH",2018,25083
"FIN","BB-SUBS-TOT",2016,1712000
"FIN","BB-SUBS-TOT",2018,1737000
"FIN","BB-SUBS-CAB",2016,412000
"FIN","BB-SUBS-CAB",2018,434000
"FIN","BB-SUBS-DSL",2016,593000
"FIN","BB-SUBS-DSL",2018,405000
"FIN","BB-SUBS-FIB",2016,699000
"FIN","BB-SUBS-FIB",2018,888000
"FIN","BB-SUBS-OTH",2016,5000
"FIN","BB-SUBS-OTH",2018,7000
"FRA","BB-SUBS-TOT",2016,27680000
"FRA","BB-SUBS-TOT",2018,29097000
"FRA","BB-SUBS-CAB",2016,3470000
"FRA","BB-SUBS-CAB",2018,4280000
"FRA","BB-SUBS-DSL",2016,21705000
"FRA","BB-SUBS-DSL",2018,19562000
"FRA","BB-SUBS-FIB",2016,2165000
"FRA","BB-SUBS-FIB",2018,4800000
"DEU","BB-SUBS-TOT",2016,31867148
"DEU","BB-SUBS-TOT",2018,34152033
"DEU","BB-SUBS-CAB",2016,7164020
"DEU","BB-SUBS-CAB",2018,7980287
"DEU","BB-SUBS-DSL",2016,24041221
"DEU","BB-SUBS-DSL",2018,24997200
"DEU","BB-SUBS-FIB",2016,575916
"DEU","BB-SUBS-FIB",2018,1087690
"DEU","BB-SUBS-OTH",2016,39000
"DEU","BB-SUBS-OTH",2018,45000
"GRC","BB-SUBS-TOT",2016,3616705
"GRC","BB-SUBS-TOT",2018,3964602
"GRC","BB-SUBS-DSL",2016,3604166
"GRC","BB-SUBS-DSL",2018,3952981
"GRC","BB-SUBS-FIB",2016,6238
"GRC","BB-SUBS-FIB",2018,6168
"HUN","BB-SUBS-TOT",2016,2814523
"HUN","BB-SUBS-TOT",2018,3079549
"HUN","BB-SUBS-CAB",2016,1377422
"HUN","BB-SUBS-CAB",2018,1513045
"HUN","BB-SUBS-DSL",2016,789190
"HUN","BB-SUBS-DSL",2018,734109
"HUN","BB-SUBS-FIB",2016,517642
"HUN","BB-SUBS-FIB",2018,726975
"ISL","BB-SUBS-TOT",2016,128023
"ISL","BB-SUBS-TOT",2018,136556
"ISL","BB-SUBS-DSL",2017,75631
"ISL","BB-SUBS-DSL",2019,51356
"ISL","BB-SUBS-FIB",2017,56649
"ISL","BB-SUBS-FIB",2019,86520
"IRL","BB-SUBS-TOT",2017,1398792
"IRL","BB-SUBS-TOT",2019,1462549
"IRL","BB-SUBS-CAB",2017,373519
"IRL","BB-SUBS-CAB",2019,371487
"IRL","BB-SUBS-DSL",2017,933233
"IRL","BB-SUBS-DSL",2019,873493
"IRL","BB-SUBS-FIB",2017,39612
"IRL","BB-SUBS-FIB",2019,162361
"ITA","BB-SUBS-TOT",2017,16533055
"ITA","BB-SUBS-TOT",2019,17470489
"ITA","BB-SUBS-DSL",2017,10839215
"ITA","BB-SUBS-DSL",2019,7187554
"ITA","BB-SUBS-FIB",2017,568955
"ITA","BB-SUBS-FIB",2019,1226501
"ITA","BB-SUBS-OTH",2017,4071042
"ITA","BB-SUBS-OTH",2019,7733321
"JPN","BB-SUBS-TOT",2017,39484547
"JPN","BB-SUBS-TOT",2019,40988254
"JPN","BB-SUBS-CAB",2017,6891554
"JPN","BB-SUBS-CAB",2019,6755064
"JPN","BB-SUBS-DSL",2017,2243430
"JPN","BB-SUBS-DSL",2019,1483862
"JPN","BB-SUBS-FIB",2017,30344427
"JPN","BB-SUBS-FIB",2019,32744928
"KOR","BB-SUBS-TOT",2017,20989294
"KOR","BB-SUBS-TOT",2019,21906172
"KOR","BB-SUBS-CAB",2017,3853425
"KOR","BB-SUBS-CAB",2019,3172294
"KOR","BB-SUBS-DSL",2017,934547
"KOR","BB-SUBS-DSL",2019,594965
"KOR","BB-SUBS-FIB",2017,16201322
"KOR","BB-SUBS-FIB",2019,18138913
"LUX","BB-SUBS-TOT",2017,214308
"LUX","BB-SUBS-TOT",2019,230100
"LUX","BB-SUBS-CAB",2017,22100
"LUX","BB-SUBS-CAB",2019,22400
"LUX","BB-SUBS-DSL",2017,131300
"LUX","BB-SUBS-DSL",2019,109500
"LUX","BB-SUBS-FIB",2017,59200
"LUX","BB-SUBS-FIB",2019,97100
"ISR","BB-SUBS-FIB",2018,48574
"SVN","BB-SUBS-TOT",2016,584463
"SVN","BB-SUBS-TOT",2018,608352
"SVN","BB-SUBS-CAB",2016,176379
"SVN","BB-SUBS-CAB",2018,175803
"SVN","BB-SUBS-DSL",2016,231155
"SVN","BB-SUBS-DSL",2018,200201
"SVN","BB-SUBS-FIB",2016,168203
"SVN","BB-SUBS-FIB",2018,222505
"SVN","BB-SUBS-OTH",2016,2061
"SVN","BB-SUBS-OTH",2018,2846
"AUS","BBW-P100-SAT",2016,0.314
"AUS","BBW-P100-SAT",2018,0.542
"AUS","BBW-P100-FIXW",2016,0.422
"AUS","BBW-P100-FIXW",2018,1.092
"AUS","BBW-P100-STAN",2016,105.234
"AUS","BBW-P100-STAN",2018,97.22
"AUS","BBW-P100-DEDI",2016,25.162
"AUS","BBW-P100-DEDI",2018,31.889
"AUS","BBW-P100-TOT",2016,130.396
"AUS","BBW-P100-TOT",2018,129.109
"AUS","BBW-SUBS-SAT",2016,76000
"ITA","BBW-P100-FIXW",2017,1.739
"ITA","BBW-P100-FIXW",2019,2.191
"ITA","BBW-P100-STAN",2017,75.174
"ITA","BBW-P100-STAN",2019,78.601
"ITA","BBW-P100-DEDI",2017,11.069
"ITA","BBW-P100-DEDI",2019,13.978
"ITA","BBW-P100-TOT",2017,86.243
"ITA","BBW-P100-TOT",2019,92.579
"ITA","BBW-SUBS-SAT",2017,867
"ITA","BBW-SUBS-SAT",2019,10
"ITA","BBW-SUBS-FIXW",2017,1052975
"ITA","BBW-SUBS-FIXW",2019,1323103
"ITA","BBW-SUBS-STAN",2017,45507575
"ITA","BBW-SUBS-STAN",2019,47455438
"ITA","BBW-SUBS-DEDI",2017,6700886
"ITA","BBW-SUBS-DEDI",2019,8439196
"ITA","BBW-SUBS-TOT",2017,52208461
"ITA","BBW-SUBS-TOT",2019,55894634
"JPN","BBW-P100-FIXW",2017,0.004
"JPN","BBW-P100-FIXW",2019,0.003
"JPN","BBW-P100-STAN",2017,95.746
"JPN","BBW-P100-STAN",2019,98.22
"JPN","BBW-P100-TOT",2017,163.102
"JPN","BBW-P100-TOT",2019,178.899
"JPN","BBW-SUBS-FIXW",2017,5136
"JPN","BBW-SUBS-FIXW",2019,4400
"JPN","BBW-SUBS-STAN",2017,121315437
"JPN","BBW-SUBS-STAN",2019,123894387
"JPN","BBW-SUBS-TOT",2017,206659658
"JPN","BBW-SUBS-TOT",2019,225663165
"KOR","BBW-P100-STAN",2017,97.522
"KOR","BBW-P100-STAN",2019,103.363
"KOR","BBW-P100-DEDI",2017,14.41
"KOR","BBW-P100-DEDI",2019,10.189
"KOR","BBW-P100-TOT",2017,111.932
"KOR","BBW-P100-TOT",2019,113.552
"KOR","BBW-SUBS-STAN",2017,50089050
"KOR","BBW-SUBS-STAN",2019,53577282
"KOR","BBW-SUBS-DEDI",2017,7401438
"KOR","BBW-SUBS-DEDI",2019,5281298
"KOR","BBW-SUBS-TOT",2017,57490488
"KOR","BBW-SUBS-TOT",2019,58858580
"LUX","BBW-P100-STAN",2017,78.442
"LUX","BBW-P100-STAN",2019,109.187
"LUX","BBW-P100-DEDI",2017,7.655
"LUX","BBW-P100-DEDI",2019,11.44
"LUX","BBW-P100-TOT",2017,86.097
"LUX","BBW-P100-TOT",2019,120.628
"LUX","BBW-SUBS-STAN",2017,468300
"LUX","BBW-SUBS-STAN",2019,678600
"LUX","BBW-SUBS-DEDI",2017,45700
"LUX","BBW-SUBS-DEDI",2019,71100
"LUX","BBW-SUBS-TOT",2017,514000
"LUX","BBW-SUBS-TOT",2019,749700
"SVN","BBW-SUBS-SAT",2018,107
"SVN","BBW-SUBS-FIXW",2016,6665
"SVN","BBW-SUBS-FIXW",2018,6890
"SVN","BBW-SUBS-STAN",2016,1197997
"SVN","BBW-SUBS-STAN",2018,1509733
"SVN","BBW-SUBS-DEDI",2016,86082
"SVN","BBW-SUBS-DEDI",2018,104146
"SVN","BBW-SUBS-TOT",2016,1284079
"SVN","BBW-SUBS-TOT",2018,1613879
"DNK","BBW-P100-SAT",2016,0.001
"DNK","BBW-P100-SAT",2018,0.002
"DNK","BBW-SUBS-SAT",2016,52
"DNK","BBW-SUBS-SAT",2018,91
"FRA","BBW-P100-DEDI",2016,5.427
"FRA","BBW-P100-DEDI",2018,5.058
"JPN","BBW-P100-DEDI",2016,56.768
"JPN","BBW-P100-DEDI",2018,75.187
"JPN","BBW-SUBS-DEDI",2016,72057609
"JPN","BBW-SUBS-DEDI",2018,95068531
"SVN","BBW-P100-SAT",2017,0.006
"SVN","BBW-P100-SAT",2019,0.005
"FRA","BBW-SUBS-DEDI",2017,3460000
"FRA","BBW-SUBS-DEDI",2019,3310000
"NOR","BBW-SUBS-SAT",2017,3197
"NOR","BBW-SUBS-SAT",2019,1920
"CHE","BBW-SUBS-FIXW",2017,207
"CHE","BBW-SUBS-FIXW",2019,180
"SWE","BBW-SUBS-SAT",2017,223
"SWE","BBW-SUBS-SAT",2019,370
"COL","BB-P100-TOT",2016,12.49
"COL","BB-P100-TOT",2018,13.831
"COL","BB-P100-DSL",2016,4.837
"COL","BB-P100-DSL",2018,3.416
"COL","BB-P100-CAB",2016,6.442
"COL","BB-P100-CAB",2018,8.05
"COL","BB-P100-OTH",2016,0.309
"COL","BB-P100-OTH",2018,0.008
"COL","BB-P100-FIB",2016,0.553
"COL","BB-P100-FIB",2018,1.793
"COL","BB-SUBS-TOT",2016,5913230
"COL","BB-SUBS-TOT",2018,6692960
"COL","BB-SUBS-CAB",2016,3050027
"COL","BB-SUBS-CAB",2018,3895522
"COL","BB-SUBS-DSL",2016,2289792
"COL","BB-SUBS-DSL",2018,1653221
"COL","BB-SUBS-FIB",2016,261769
"COL","BB-SUBS-FIB",2018,867850
"COL","BB-SUBS-OTH",2016,146065
"COL","BB-SUBS-OTH",2018,3857
"COL","BBW-P100-SAT",2016,0.019
"COL","BBW-P100-SAT",2018,0.027
"COL","BBW-P100-FIXW",2016,0.331
"COL","BBW-P100-FIXW",2018,0.536
"COL","BBW-P100-STAN",2016,47.016
"COL","BBW-P100-STAN",2018,52.887
"COL","BBW-P100-DEDI",2016,1.151
"COL","BBW-P100-DEDI",2018,0.806
"COL","BBW-P100-TOT",2016,48.167
"COL","BBW-P100-TOT",2018,53.693
"COL","BBW-SUBS-SAT",2016,8885
"COL","BBW-SUBS-SAT",2018,12915
"COL","BBW-SUBS-FIXW",2016,156692
"COL","BBW-SUBS-FIXW",2018,259595
"COL","BBW-SUBS-STAN",2016,22259100
"COL","BBW-SUBS-STAN",2018,25592444
"COL","BBW-SUBS-DEDI",2016,545001
"COL","BBW-SUBS-DEDI",2018,389878
"COL","BBW-SUBS-TOT",2016,22804101
"COL","BBW-SUBS-TOT",2018,25982322
"LVA","BB-P100-TOT",2016,26.497
"LVA","BB-P100-TOT",2018,27.309
"LVA","BB-P100-DSL",2016,6.628
"LVA","BB-P100-DSL",2018,6.152
"LVA","BB-P100-CAB",2016,0.905
"LVA","BB-P100-CAB",2018,0.915
"LVA","BB-P100-OTH",2016,1.737
"LVA","BB-P100-OTH",2018,1.257
"LVA","BB-P100-FIB",2016,16.624
"LVA","BB-P100-FIB",2018,18.463
"LVA","BB-SUBS-TOT",2016,519154
"LVA","BB-SUBS-TOT",2018,526048
"LVA","BB-SUBS-CAB",2016,17735
"LVA","BB-SUBS-CAB",2018,17625
"LVA","BB-SUBS-DSL",2016,129857
"LVA","BB-SUBS-DSL",2018,118513
"LVA","BB-SUBS-FIB",2016,325705
"LVA","BB-SUBS-FIB",2018,355661
"LVA","BB-SUBS-OTH",2016,34025
"LVA","BB-SUBS-OTH",2018,24212
"LVA","BBW-P100-FIXW",2016,0.604
"LVA","BBW-P100-FIXW",2018,0.521
"LVA","BBW-P100-STAN",2016,82.449
"LVA","BBW-P100-STAN",2018,97.196
"LVA","BBW-P100-DEDI",2016,21.707
"LVA","BBW-P100-DEDI",2018,33.181
"LVA","BBW-P100-TOT",2016,104.156
"LVA","BBW-P100-TOT",2018,130.376
"BEL","BB-M2M",2018,2466416
"BEL","BB-P100-M2M",2016,17.836
"BEL","BB-P100-M2M",2018,21.584
"CAN","BB-M2M",2016,3e+06
"DEU","BB-M2M",2017,17600000
"POL","BB-P100-M2M",2017,7.294
"POL","BB-P100-M2M",2019,9.957
"PRT","BB-M2M",2017,848594
"PRT","BB-M2M",2019,1194353
"PRT","BB-P100-M2M",2017,8.239
"PRT","BB-P100-M2M",2019,11.623
"SVK","BB-M2M",2017,648363
"SVK","BB-M2M",2019,984964
"SVK","BB-P100-M2M",2017,11.922
"SVK","BB-P100-M2M",2019,18.062
"ESP","BB-M2M",2017,4940491
"ESP","BB-M2M",2019,6747718
"ESP","BB-P100-M2M",2017,10.617
"ESP","BB-P100-M2M",2019,14.326
"SWE","BB-M2M",2017,11441106
"SWE","BB-M2M",2019,15005468
"SWE","BB-P100-M2M",2017,113.755
"SWE","BB-P100-M2M",2019,145.983
"CHE","BB-M2M",2017,633693
"CHE","BB-M2M",2019,1252500
"CHE","BB-P100-M2M",2017,7.498
"CHE","BB-P100-M2M",2019,14.6
"TUR","BB-M2M",2017,4495436
"TUR","BB-M2M",2019,5861438
"TUR","BB-P100-M2M",2017,5.597
"TUR","BB-P100-M2M",2019,7.125
"GBR","BB-M2M",2017,7910641
"GBR","BB-M2M",2019,9458291
"GBR","BB-P100-M2M",2017,11.979
"GBR","BB-P100-M2M",2019,14.152
"USA","BB-M2M",2017,93558084
"USA","BB-M2M",2019,1.37e+08
"USA","BB-P100-M2M",2017,28.751
"USA","BB-P100-M2M",2019,41.639
"CHL","BB-M2M",2017,527438
"CHL","BB-M2M",2019,509625
"CHL","BB-P100-M2M",2017,2.848
"CHL","BB-P100-M2M",2019,2.677
"EST","BB-M2M",2017,250203
"EST","BB-M2M",2019,342724
"EST","BB-P100-M2M",2017,19.018
"EST","BB-P100-M2M",2019,25.87
"LTU","BB-M2M",2018,293581
"LTU","BB-P100-M2M",2016,6.537
"LTU","BB-P100-M2M",2018,10.479
"SVN","BB-M2M",2016,63940
"SVN","BB-M2M",2018,72201
"SVN","BB-P100-M2M",2016,3.097
"SVN","BB-P100-M2M",2018,3.485
"OECD","BB-M2M",2016,161796594
"OECD","BB-M2M",2018,271941195
"OECD","BB-P100-M2M",2016,12.12
"OECD","BB-P100-M2M",2018,20.14
"AUS","BB-DATA-GB",2016,1.61
"AUT","BB-DATA-GB",2016,7.41
"BEL","BB-DATA-GB",2016,0.93
"CAN","BB-DATA-GB",2016,1.54
"CZE","BB-DATA-GB",2016,1.05
"DNK","BB-DATA-GB",2016,4.57
"FIN","BB-DATA-GB",2016,10.89
"FRA","BB-DATA-GB",2016,1.77
"DEU","BB-DATA-GB",2016,1.28
"GRC","BB-DATA-GB",2016,0.71
"HUN","BB-DATA-GB",2016,1.54
"ISL","BB-DATA-GB",2016,4.25
"IRL","BB-DATA-GB",2016,3.15
"ITA","BB-DATA-GB",2016,1.87
"JPN","BB-DATA-GB",2016,2.66
"KOR","BB-DATA-GB",2016,4.02
"LUX","BB-DATA-GB",2016,3
"MEX","BB-DATA-GB",2016,0.78
"NLD","BB-DATA-GB",2016,1.13
"NZL","BB-DATA-GB",2016,1.05
"NOR","BB-DATA-GB",2016,2.7
"POL","BB-DATA-GB",2016,4.09
"PRT","BB-DATA-GB",2016,1.64
"SVK","BB-DATA-GB",2016,0.73
"ESP","BB-DATA-GB",2016,1.27
"SWE","BB-DATA-GB",2016,4.55
"CHE","BB-DATA-GB",2016,2.74
"TUR","BB-DATA-GB",2016,2.07
"GBR","BB-DATA-GB",2016,2.03
"USA","BB-DATA-GB",2016,2.85
"CHL","BB-DATA-GB",2018,6.62
"COL","BB-DATA-GB",2018,1.62
"EST","BB-DATA-GB",2018,9.82
"LVA","BB-DATA-GB",2018,12.78
"LTU","BB-DATA-GB",2018,10.23
"SVN","BB-DATA-GB",2018,4.72
"OECD","BB-DATA-GB",2018,4.66
"ISR","BB-DATA-GB",2018,0
