"","Entity","Code","Year","Value"
"1","Afghanistan","AFG",2008,3.723589897
"2","Afghanistan","AFG",2009,4.401778221
"3","Afghanistan","AFG",2010,4.75838089
"4","Afghanistan","AFG",2011,3.83171916
"5","Afghanistan","AFG",2012,3.782937527
"6","Afghanistan","AFG",2013,3.572100401
"7","Afghanistan","AFG",2014,3.130895615
"8","Afghanistan","AFG",2015,3.982854605
"9","Afghanistan","AFG",2016,4.220168591
"10","Afghanistan","AFG",2017,2.66171813
"11","Afghanistan","AFG",2018,2.694303274
"12","Albania","ALB",2007,4.634251595
"13","Albania","ALB",2009,5.485469818
"14","Albania","ALB",2010,5.268936634
"15","Albania","ALB",2011,5.867421627
"16","Albania","ALB",2012,5.510124207
"17","Albania","ALB",2013,4.550647736
"18","Albania","ALB",2014,4.813763142
"19","Albania","ALB",2015,4.606650829
"20","Albania","ALB",2016,4.511100769
"21","Albania","ALB",2017,4.639548302
"22","Albania","ALB",2018,5.004402637
"23","Algeria","DZA",2010,5.46356678
"24","Algeria","DZA",2011,5.317194462
"25","Algeria","DZA",2012,5.604595661
"26","Algeria","DZA",2014,6.354898453
"27","Algeria","DZA",2016,5.340853691
"28","Algeria","DZA",2017,5.248912334
"29","Algeria","DZA",2018,5.043086052
"30","Angola","AGO",2011,5.589000702
"31","Angola","AGO",2012,4.360249996
"32","Angola","AGO",2013,3.937106848
"33","Angola","AGO",2014,3.794837952
"34","Argentina","ARG",2006,6.312925339
"35","Argentina","ARG",2007,6.073158264
"36","Argentina","ARG",2008,5.961034298
"37","Argentina","ARG",2009,6.424133301
"38","Argentina","ARG",2010,6.441067219
"39","Argentina","ARG",2011,6.775805473
"40","Argentina","ARG",2012,6.468387127
"41","Argentina","ARG",2013,6.582260132
"42","Argentina","ARG",2014,6.671114445
"43","Argentina","ARG",2015,6.69713068
"44","Argentina","ARG",2016,6.427221298
"45","Argentina","ARG",2017,6.039330006
"46","Argentina","ARG",2018,5.792796612
"47","Armenia","ARM",2006,4.289310932
"48","Armenia","ARM",2007,4.881515503
"49","Armenia","ARM",2008,4.651972294
"50","Armenia","ARM",2009,4.177581787
"51","Armenia","ARM",2010,4.367811203
"52","Armenia","ARM",2011,4.260491371
"53","Armenia","ARM",2012,4.319711685
"54","Armenia","ARM",2013,4.277191162
"55","Armenia","ARM",2014,4.453083038
"56","Armenia","ARM",2015,4.34831953
"57","Armenia","ARM",2016,4.325471878
"58","Armenia","ARM",2017,4.287736416
"59","Armenia","ARM",2018,5.062448502
"60","Australia","AUS",2005,7.340688229
"61","Australia","AUS",2007,7.285390854
"62","Australia","AUS",2008,7.253757477
"63","Australia","AUS",2010,7.450047016
"64","Australia","AUS",2011,7.405616283
"65","Australia","AUS",2012,7.195585728
"66","Australia","AUS",2013,7.364169121
"67","Australia","AUS",2014,7.288550377
"68","Australia","AUS",2015,7.309060574
"69","Australia","AUS",2016,7.250080109
"70","Australia","AUS",2017,7.25703764
"71","Australia","AUS",2018,7.17699337
"72","Austria","AUT",2006,7.122211456
"73","Austria","AUT",2008,7.180953979
"74","Austria","AUT",2010,7.302678585
"75","Austria","AUT",2011,7.470512867
"76","Austria","AUT",2012,7.400688648
"77","Austria","AUT",2013,7.498802662
"78","Austria","AUT",2014,6.949999809
"79","Austria","AUT",2015,7.07644701
"80","Austria","AUT",2016,7.048071861
"81","Austria","AUT",2017,7.293727875
"82","Austria","AUT",2018,7.396001816
"83","Azerbaijan","AZE",2006,4.727870941
"84","Azerbaijan","AZE",2007,4.56815958
"85","Azerbaijan","AZE",2008,4.817189217
"86","Azerbaijan","AZE",2009,4.573725224
"87","Azerbaijan","AZE",2010,4.218610764
"88","Azerbaijan","AZE",2011,4.680469513
"89","Azerbaijan","AZE",2012,4.910771847
"90","Azerbaijan","AZE",2013,5.481178284
"91","Azerbaijan","AZE",2014,5.25153017
"92","Azerbaijan","AZE",2015,5.146774769
"93","Azerbaijan","AZE",2016,5.303894997
"94","Azerbaijan","AZE",2017,5.152279377
"95","Azerbaijan","AZE",2018,5.167995453
"96","Bahrain","BHR",2009,5.700523376
"97","Bahrain","BHR",2010,5.936869144
"98","Bahrain","BHR",2011,4.82397604
"99","Bahrain","BHR",2012,5.027186871
"100","Bahrain","BHR",2013,6.689711094
"101","Bahrain","BHR",2014,6.165133953
"102","Bahrain","BHR",2015,6.00737524
"103","Bahrain","BHR",2016,6.169673443
"104","Bahrain","BHR",2017,6.227320671
"105","Bangladesh","BGD",2006,4.318909168
"106","Bangladesh","BGD",2007,4.607322216
"107","Bangladesh","BGD",2008,5.052278519
"108","Bangladesh","BGD",2009,5.08285141
"109","Bangladesh","BGD",2010,4.858481407
"110","Bangladesh","BGD",2011,4.985649109
"111","Bangladesh","BGD",2012,4.724443913
"112","Bangladesh","BGD",2013,4.660161018
"113","Bangladesh","BGD",2014,4.635564804
"114","Bangladesh","BGD",2015,4.633473873
"115","Bangladesh","BGD",2016,4.5561409
"116","Bangladesh","BGD",2017,4.309771061
"117","Bangladesh","BGD",2018,4.499217033
"118","Belarus","BLR",2006,5.657649994
"119","Belarus","BLR",2007,5.616976261
"120","Belarus","BLR",2008,5.463332176
"121","Belarus","BLR",2009,5.56413126
"122","Belarus","BLR",2010,5.525923252
"123","Belarus","BLR",2011,5.225307941
"124","Belarus","BLR",2012,5.749043465
"125","Belarus","BLR",2013,5.876466274
"126","Belarus","BLR",2014,5.812400818
"127","Belarus","BLR",2015,5.718907833
"128","Belarus","BLR",2016,5.177899361
"129","Belarus","BLR",2017,5.552915096
"130","Belarus","BLR",2018,5.233769894
"131","Belgium","BEL",2005,7.262290478
"132","Belgium","BEL",2007,7.218839645
"133","Belgium","BEL",2008,7.116590977
"134","Belgium","BEL",2010,6.853514194
"135","Belgium","BEL",2011,7.111363888
"136","Belgium","BEL",2012,6.935122013
"137","Belgium","BEL",2013,7.10366106
"138","Belgium","BEL",2014,6.855329037
"139","Belgium","BEL",2015,6.904219151
"140","Belgium","BEL",2016,6.948936462
"141","Belgium","BEL",2017,6.928347588
"142","Belgium","BEL",2018,6.89217186
"143","Belize","BLZ",2007,6.450644493
"144","Belize","BLZ",2014,5.955646515
"145","Benin","BEN",2006,3.329801559
"146","Benin","BEN",2008,3.66713953
"147","Benin","BEN",2011,3.870279551
"148","Benin","BEN",2012,3.193468809
"149","Benin","BEN",2013,3.479412794
"150","Benin","BEN",2014,3.347419262
"151","Benin","BEN",2015,3.624664307
"152","Benin","BEN",2016,4.007357597
"153","Benin","BEN",2017,4.853180885
"154","Benin","BEN",2018,5.81982708
"155","Bhutan","BTN",2013,5.569091797
"156","Bhutan","BTN",2014,4.938578129
"157","Bhutan","BTN",2015,5.082128525
"158","Bolivia","BOL",2006,5.373986244
"159","Bolivia","BOL",2007,5.628419399
"160","Bolivia","BOL",2008,5.297872543
"161","Bolivia","BOL",2009,6.085579395
"162","Bolivia","BOL",2010,5.780620098
"163","Bolivia","BOL",2011,5.778874397
"164","Bolivia","BOL",2012,6.018894672
"165","Bolivia","BOL",2013,5.767428875
"166","Bolivia","BOL",2014,5.864798546
"167","Bolivia","BOL",2015,5.834329128
"168","Bolivia","BOL",2016,5.769723415
"169","Bolivia","BOL",2017,5.65055275
"170","Bolivia","BOL",2018,5.915734291
"171","Bosnia and Herzegovina","BIH",2007,4.899806976
"172","Bosnia and Herzegovina","BIH",2009,4.963477135
"173","Bosnia and Herzegovina","BIH",2010,4.66851759
"174","Bosnia and Herzegovina","BIH",2011,4.994670868
"175","Bosnia and Herzegovina","BIH",2012,4.773144722
"176","Bosnia and Herzegovina","BIH",2013,5.123664379
"177","Bosnia and Herzegovina","BIH",2014,5.248954296
"178","Bosnia and Herzegovina","BIH",2015,5.117177963
"179","Bosnia and Herzegovina","BIH",2016,5.180865288
"180","Bosnia and Herzegovina","BIH",2017,5.089902401
"181","Bosnia and Herzegovina","BIH",2018,5.887401104
"182","Botswana","BWA",2006,4.739367008
"183","Botswana","BWA",2008,5.451147079
"184","Botswana","BWA",2010,3.553020239
"185","Botswana","BWA",2011,3.519921064
"186","Botswana","BWA",2012,4.835938931
"187","Botswana","BWA",2013,4.128298759
"188","Botswana","BWA",2014,4.031197071
"189","Botswana","BWA",2015,3.761964798
"190","Botswana","BWA",2016,3.498936653
"191","Botswana","BWA",2017,3.504881144
"192","Botswana","BWA",2018,3.4613657
"193","Brazil","BRA",2005,6.636771202
"194","Brazil","BRA",2007,6.320672989
"195","Brazil","BRA",2008,6.691424847
"196","Brazil","BRA",2009,7.000831604
"197","Brazil","BRA",2010,6.837331295
"198","Brazil","BRA",2011,7.037816525
"199","Brazil","BRA",2012,6.660003662
"200","Brazil","BRA",2013,7.140282631
"201","Brazil","BRA",2014,6.980998993
"202","Brazil","BRA",2015,6.546896935
"203","Brazil","BRA",2016,6.374817371
"204","Brazil","BRA",2017,6.332929134
"205","Brazil","BRA",2018,6.190921783
"206","Bulgaria","BGR",2007,3.843797922
"207","Bulgaria","BGR",2010,3.912276268
"208","Bulgaria","BGR",2011,3.875382423
"209","Bulgaria","BGR",2012,4.222297192
"210","Bulgaria","BGR",2013,3.993020535
"211","Bulgaria","BGR",2014,4.438439846
"212","Bulgaria","BGR",2015,4.865401268
"213","Bulgaria","BGR",2016,4.837560654
"214","Bulgaria","BGR",2017,5.096901894
"215","Bulgaria","BGR",2018,5.098813534
"216","Burkina Faso","BFA",2006,3.801490784
"217","Burkina Faso","BFA",2007,4.017130375
"218","Burkina Faso","BFA",2008,3.846438885
"219","Burkina Faso","BFA",2010,4.035560608
"220","Burkina Faso","BFA",2011,4.785367489
"221","Burkina Faso","BFA",2012,3.95500803
"222","Burkina Faso","BFA",2013,3.325949669
"223","Burkina Faso","BFA",2014,3.481347799
"224","Burkina Faso","BFA",2015,4.418930054
"225","Burkina Faso","BFA",2016,4.205634594
"226","Burkina Faso","BFA",2017,4.646891117
"227","Burkina Faso","BFA",2018,4.92723608
"228","Burundi","BDI",2008,3.563227654
"229","Burundi","BDI",2009,3.791680813
"230","Burundi","BDI",2011,3.705894232
"231","Burundi","BDI",2014,2.904535055
"232","Burundi","BDI",2018,3.775283098
"233","Cambodia","KHM",2006,3.568744659
"234","Cambodia","KHM",2007,4.15597105
"235","Cambodia","KHM",2008,4.462163925
"236","Cambodia","KHM",2009,4.110625744
"237","Cambodia","KHM",2010,4.141072273
"238","Cambodia","KHM",2011,4.161225319
"239","Cambodia","KHM",2012,3.898706913
"240","Cambodia","KHM",2013,3.674466848
"241","Cambodia","KHM",2014,3.88330555
"242","Cambodia","KHM",2015,4.162164688
"243","Cambodia","KHM",2016,4.461259365
"244","Cambodia","KHM",2017,4.585842133
"245","Cambodia","KHM",2018,5.121837616
"246","Cameroon","CMR",2006,3.851072073
"247","Cameroon","CMR",2007,4.349939346
"248","Cameroon","CMR",2008,4.291800499
"249","Cameroon","CMR",2009,4.741408348
"250","Cameroon","CMR",2010,4.554256916
"251","Cameroon","CMR",2011,4.433885098
"252","Cameroon","CMR",2012,4.244634151
"253","Cameroon","CMR",2013,4.271038055
"254","Cameroon","CMR",2014,4.240441322
"255","Cameroon","CMR",2015,5.037964821
"256","Cameroon","CMR",2016,4.816232204
"257","Cameroon","CMR",2017,5.07405138
"258","Cameroon","CMR",2018,5.250737667
"259","Canada","CAN",2005,7.418048382
"260","Canada","CAN",2007,7.481752872
"261","Canada","CAN",2008,7.485603809
"262","Canada","CAN",2009,7.48782444
"263","Canada","CAN",2010,7.650346279
"264","Canada","CAN",2011,7.426053524
"265","Canada","CAN",2012,7.415144444
"266","Canada","CAN",2013,7.593793869
"267","Canada","CAN",2014,7.30425787
"268","Canada","CAN",2015,7.412772655
"269","Canada","CAN",2016,7.244845867
"270","Canada","CAN",2017,7.414868355
"271","Canada","CAN",2018,7.175496578
"272","Central African Republic","CAF",2007,4.160129547
"273","Central African Republic","CAF",2010,3.567892551
"274","Central African Republic","CAF",2011,3.677826405
"275","Central African Republic","CAF",2016,2.693061113
"276","Central African Republic","CAF",2017,3.475862026
"277","Chad","TCD",2006,3.434800625
"278","Chad","TCD",2007,4.141326904
"279","Chad","TCD",2008,4.632468224
"280","Chad","TCD",2009,3.639445066
"281","Chad","TCD",2010,3.742871046
"282","Chad","TCD",2011,4.393482208
"283","Chad","TCD",2012,4.03297472
"284","Chad","TCD",2013,3.507663012
"285","Chad","TCD",2014,3.460182905
"286","Chad","TCD",2015,4.322675228
"287","Chad","TCD",2016,4.029350281
"288","Chad","TCD",2017,4.558937073
"289","Chad","TCD",2018,4.486325264
"290","Chile","CHL",2006,6.062851906
"291","Chile","CHL",2007,5.697929859
"292","Chile","CHL",2008,5.789438725
"293","Chile","CHL",2009,6.493686199
"294","Chile","CHL",2010,6.63565588
"295","Chile","CHL",2011,6.526334763
"296","Chile","CHL",2012,6.599128723
"297","Chile","CHL",2013,6.74015379
"298","Chile","CHL",2014,6.844238281
"299","Chile","CHL",2015,6.532749653
"300","Chile","CHL",2016,6.579056263
"301","Chile","CHL",2017,6.320119381
"302","Chile","CHL",2018,6.436220646
"303","China","CHN",2006,4.560495377
"304","China","CHN",2007,4.86286211
"305","China","CHN",2008,4.84629488
"306","China","CHN",2009,4.454360962
"307","China","CHN",2010,4.652736664
"308","China","CHN",2011,5.037207603
"309","China","CHN",2012,5.094917297
"310","China","CHN",2013,5.241090298
"311","China","CHN",2014,5.195619106
"312","China","CHN",2015,5.303877831
"313","China","CHN",2016,5.32495594
"314","China","CHN",2017,5.099061489
"315","China","CHN",2018,5.131433964
"316","Colombia","COL",2006,6.024942875
"317","Colombia","COL",2007,6.138411522
"318","Colombia","COL",2008,6.168395042
"319","Colombia","COL",2009,6.271604538
"320","Colombia","COL",2010,6.40811348
"321","Colombia","COL",2011,6.463952541
"322","Colombia","COL",2012,6.374879837
"323","Colombia","COL",2013,6.606550694
"324","Colombia","COL",2014,6.44878912
"325","Colombia","COL",2015,6.387571812
"326","Colombia","COL",2016,6.233715057
"327","Colombia","COL",2017,6.157341957
"328","Colombia","COL",2018,5.983512402
"329","Comoros","COM",2009,3.47602725
"330","Comoros","COM",2010,3.81219101
"331","Comoros","COM",2011,3.838485956
"332","Comoros","COM",2012,3.955640316
"333","Comoros","COM",2018,3.972819567
"334","Congo","COG",2008,3.819792271
"335","Congo","COG",2011,4.509824276
"336","Congo","COG",2012,3.919341803
"337","Congo","COG",2013,3.954950571
"338","Congo","COG",2014,4.05601263
"339","Congo","COG",2015,4.690830231
"340","Congo","COG",2016,4.119493484
"341","Congo","COG",2017,4.883991241
"342","Congo","COG",2018,5.490214348
"343","Costa Rica","CRI",2006,7.082465172
"344","Costa Rica","CRI",2007,7.432132244
"345","Costa Rica","CRI",2008,6.850679874
"346","Costa Rica","CRI",2009,7.614928722
"347","Costa Rica","CRI",2010,7.271053791
"348","Costa Rica","CRI",2011,7.228888512
"349","Costa Rica","CRI",2012,7.272250175
"350","Costa Rica","CRI",2013,7.158000469
"351","Costa Rica","CRI",2014,7.247086048
"352","Costa Rica","CRI",2015,6.854004383
"353","Costa Rica","CRI",2016,7.135617733
"354","Costa Rica","CRI",2017,7.22518158
"355","Costa Rica","CRI",2018,7.141074657
"356","Cote d'Ivoire","CIV",2009,4.197181702
"357","Cote d'Ivoire","CIV",2013,3.739365578
"358","Cote d'Ivoire","CIV",2014,3.570368528
"359","Cote d'Ivoire","CIV",2015,4.445038795
"360","Cote d'Ivoire","CIV",2016,4.542545795
"361","Cote d'Ivoire","CIV",2017,5.037734985
"362","Cote d'Ivoire","CIV",2018,5.26837492
"363","Croatia","HRV",2007,5.820907593
"364","Croatia","HRV",2009,5.433319569
"365","Croatia","HRV",2010,5.595575333
"366","Croatia","HRV",2011,5.385372639
"367","Croatia","HRV",2012,6.027634621
"368","Croatia","HRV",2013,5.885462761
"369","Croatia","HRV",2014,5.380692482
"370","Croatia","HRV",2015,5.205438137
"371","Croatia","HRV",2016,5.416875362
"372","Croatia","HRV",2017,5.343165874
"373","Croatia","HRV",2018,5.536271095
"374","Cuba","CUB",2006,5.417868614
"375","Cyprus","CYP",2006,6.237958431
"376","Cyprus","CYP",2009,6.833477497
"377","Cyprus","CYP",2010,6.386546135
"378","Cyprus","CYP",2011,6.689608574
"379","Cyprus","CYP",2012,6.180507183
"380","Cyprus","CYP",2013,5.438952446
"381","Cyprus","CYP",2014,5.627123833
"382","Cyprus","CYP",2015,5.439161301
"383","Cyprus","CYP",2016,5.794618607
"384","Cyprus","CYP",2017,6.062051296
"385","Cyprus","CYP",2018,6.276443005
"386","Czech Republic","CZE",2005,6.439256668
"387","Czech Republic","CZE",2007,6.500194073
"388","Czech Republic","CZE",2010,6.249617577
"389","Czech Republic","CZE",2011,6.331490993
"390","Czech Republic","CZE",2012,6.334149361
"391","Czech Republic","CZE",2013,6.697655678
"392","Czech Republic","CZE",2014,6.483729839
"393","Czech Republic","CZE",2015,6.608017445
"394","Czech Republic","CZE",2016,6.735627174
"395","Czech Republic","CZE",2017,6.789567947
"396","Czech Republic","CZE",2018,7.034165382
"397","Democratic Republic of Congo","COD",2009,3.983848572
"398","Democratic Republic of Congo","COD",2011,4.516963959
"399","Democratic Republic of Congo","COD",2012,4.63922739
"400","Democratic Republic of Congo","COD",2013,4.497477055
"401","Democratic Republic of Congo","COD",2014,4.414299965
"402","Democratic Republic of Congo","COD",2015,3.902741671
"403","Democratic Republic of Congo","COD",2016,4.521935463
"404","Democratic Republic of Congo","COD",2017,4.311033249
"405","Denmark","DNK",2005,8.01893425
"406","Denmark","DNK",2007,7.834233284
"407","Denmark","DNK",2008,7.970891953
"408","Denmark","DNK",2009,7.683358669
"409","Denmark","DNK",2010,7.770515442
"410","Denmark","DNK",2011,7.78823185
"411","Denmark","DNK",2012,7.519909382
"412","Denmark","DNK",2013,7.588606834
"413","Denmark","DNK",2014,7.507559299
"414","Denmark","DNK",2015,7.514424801
"415","Denmark","DNK",2016,7.55778265
"416","Denmark","DNK",2017,7.593702316
"417","Denmark","DNK",2018,7.648785591
"418","Djibouti","DJI",2008,5.009330273
"419","Djibouti","DJI",2009,4.905925274
"420","Djibouti","DJI",2010,5.005810738
"421","Djibouti","DJI",2011,4.369193554
"422","Dominican Republic","DOM",2006,5.087967873
"423","Dominican Republic","DOM",2007,5.081305981
"424","Dominican Republic","DOM",2008,4.84230566
"425","Dominican Republic","DOM",2009,5.431613922
"426","Dominican Republic","DOM",2010,4.735021114
"427","Dominican Republic","DOM",2011,5.396535397
"428","Dominican Republic","DOM",2012,4.753311157
"429","Dominican Republic","DOM",2013,5.015515327
"430","Dominican Republic","DOM",2014,5.387331963
"431","Dominican Republic","DOM",2015,5.061862469
"432","Dominican Republic","DOM",2016,5.238698483
"433","Dominican Republic","DOM",2017,5.605202675
"434","Dominican Republic","DOM",2018,5.433215618
"435","Ecuador","ECU",2006,5.02419138
"436","Ecuador","ECU",2007,4.995875359
"437","Ecuador","ECU",2008,5.296513081
"438","Ecuador","ECU",2009,6.021803379
"439","Ecuador","ECU",2010,5.838051319
"440","Ecuador","ECU",2011,5.795088291
"441","Ecuador","ECU",2012,5.960716248
"442","Ecuador","ECU",2013,6.019206047
"443","Ecuador","ECU",2014,5.945851803
"444","Ecuador","ECU",2015,5.964075089
"445","Ecuador","ECU",2016,6.115437508
"446","Ecuador","ECU",2017,5.839518547
"447","Ecuador","ECU",2018,6.128010273
"448","Egypt","EGY",2005,5.167754173
"449","Egypt","EGY",2007,5.540510654
"450","Egypt","EGY",2008,4.631741047
"451","Egypt","EGY",2009,5.066164494
"452","Egypt","EGY",2010,4.668916225
"453","Egypt","EGY",2011,4.174158573
"454","Egypt","EGY",2012,4.204156876
"455","Egypt","EGY",2013,3.558520317
"456","Egypt","EGY",2014,4.885072708
"457","Egypt","EGY",2015,4.762538433
"458","Egypt","EGY",2016,4.556740761
"459","Egypt","EGY",2017,3.929344177
"460","Egypt","EGY",2018,4.005450726
"461","El Salvador","SLV",2006,5.700929642
"462","El Salvador","SLV",2007,5.295535088
"463","El Salvador","SLV",2008,5.191493988
"464","El Salvador","SLV",2009,6.839087009
"465","El Salvador","SLV",2010,6.739911079
"466","El Salvador","SLV",2011,4.741294861
"467","El Salvador","SLV",2012,5.934371471
"468","El Salvador","SLV",2013,6.325063229
"469","El Salvador","SLV",2014,5.856523514
"470","El Salvador","SLV",2015,6.018496037
"471","El Salvador","SLV",2016,6.139824867
"472","El Salvador","SLV",2017,6.339318275
"473","El Salvador","SLV",2018,6.276246071
"474","Estonia","EST",2006,5.371054649
"475","Estonia","EST",2007,5.332044125
"476","Estonia","EST",2008,5.451937675
"477","Estonia","EST",2009,5.137738705
"478","Estonia","EST",2011,5.486819744
"479","Estonia","EST",2012,5.363927841
"480","Estonia","EST",2013,5.367445946
"481","Estonia","EST",2014,5.55598259
"482","Estonia","EST",2015,5.628908634
"483","Estonia","EST",2016,5.649675369
"484","Estonia","EST",2017,5.938395977
"485","Estonia","EST",2018,6.091302395
"486","Ethiopia","ETH",2012,4.561168671
"487","Ethiopia","ETH",2013,4.44482708
"488","Ethiopia","ETH",2014,4.506646633
"489","Ethiopia","ETH",2015,4.573154926
"490","Ethiopia","ETH",2016,4.297848701
"491","Ethiopia","ETH",2017,4.180315495
"492","Ethiopia","ETH",2018,4.379262447
"493","Finland","FIN",2006,7.672449112
"494","Finland","FIN",2008,7.67062664
"495","Finland","FIN",2010,7.393264294
"496","Finland","FIN",2011,7.354225159
"497","Finland","FIN",2012,7.420209408
"498","Finland","FIN",2013,7.444635868
"499","Finland","FIN",2014,7.384571075
"500","Finland","FIN",2015,7.447925568
"501","Finland","FIN",2016,7.659843445
"502","Finland","FIN",2017,7.788251877
"503","Finland","FIN",2018,7.85810709
"504","France","FRA",2005,7.093392849
"505","France","FRA",2006,6.582700253
"506","France","FRA",2008,7.008064747
"507","France","FRA",2009,6.283498287
"508","France","FRA",2010,6.797901154
"509","France","FRA",2011,6.959185123
"510","France","FRA",2012,6.649365425
"511","France","FRA",2013,6.66712141
"512","France","FRA",2014,6.466867924
"513","France","FRA",2015,6.357625008
"514","France","FRA",2016,6.475208759
"515","France","FRA",2017,6.635222435
"516","France","FRA",2018,6.665903568
"517","Gabon","GAB",2011,4.255400658
"518","Gabon","GAB",2012,3.97205925
"519","Gabon","GAB",2013,3.800287008
"520","Gabon","GAB",2014,3.918073177
"521","Gabon","GAB",2015,4.66101265
"522","Gabon","GAB",2016,4.831764221
"523","Gabon","GAB",2017,4.782382965
"524","Gabon","GAB",2018,4.783009052
"525","Gambia","GMB",2017,4.117938995
"526","Gambia","GMB",2018,4.922099113
"527","Georgia","GEO",2006,3.675108433
"528","Georgia","GEO",2007,3.707194567
"529","Georgia","GEO",2008,4.15609026
"530","Georgia","GEO",2009,3.800639153
"531","Georgia","GEO",2010,4.101837158
"532","Georgia","GEO",2011,4.203030586
"533","Georgia","GEO",2012,4.254445553
"534","Georgia","GEO",2013,4.348920822
"535","Georgia","GEO",2014,4.287508011
"536","Georgia","GEO",2015,4.121940613
"537","Georgia","GEO",2016,4.448386192
"538","Georgia","GEO",2017,4.45077467
"539","Georgia","GEO",2018,4.659097195
"540","Germany","DEU",2005,6.619549751
"541","Germany","DEU",2007,6.416819572
"542","Germany","DEU",2008,6.521790028
"543","Germany","DEU",2009,6.64149332
"544","Germany","DEU",2010,6.724531174
"545","Germany","DEU",2011,6.621312141
"546","Germany","DEU",2012,6.702362061
"547","Germany","DEU",2013,6.965125084
"548","Germany","DEU",2014,6.984214306
"549","Germany","DEU",2015,7.037137508
"550","Germany","DEU",2016,6.873763084
"551","Germany","DEU",2017,7.074324608
"552","Germany","DEU",2018,7.118364334
"553","Ghana","GHA",2006,4.535019875
"554","Ghana","GHA",2007,5.220148087
"555","Ghana","GHA",2008,4.965134621
"556","Ghana","GHA",2009,4.197695732
"557","Ghana","GHA",2010,4.606251717
"558","Ghana","GHA",2011,5.608199596
"559","Ghana","GHA",2012,5.057261944
"560","Ghana","GHA",2013,4.965053082
"561","Ghana","GHA",2014,3.860351086
"562","Ghana","GHA",2015,3.985916138
"563","Ghana","GHA",2016,4.514411449
"564","Ghana","GHA",2017,5.481310844
"565","Greece","GRC",2005,6.006309986
"566","Greece","GRC",2007,6.646961212
"567","Greece","GRC",2009,6.038574696
"568","Greece","GRC",2010,5.839558601
"569","Greece","GRC",2011,5.372039795
"570","Greece","GRC",2012,5.096354008
"571","Greece","GRC",2013,4.720251083
"572","Greece","GRC",2014,4.75623703
"573","Greece","GRC",2015,5.622519016
"574","Greece","GRC",2016,5.302619457
"575","Greece","GRC",2017,5.14824152
"576","Greece","GRC",2018,5.40928936
"577","Guatemala","GTM",2006,5.901429176
"578","Guatemala","GTM",2007,6.329581261
"579","Guatemala","GTM",2008,6.414494514
"580","Guatemala","GTM",2009,6.451916218
"581","Guatemala","GTM",2010,6.289748669
"582","Guatemala","GTM",2011,5.743353844
"583","Guatemala","GTM",2012,5.855717182
"584","Guatemala","GTM",2013,5.984601498
"585","Guatemala","GTM",2014,6.536030769
"586","Guatemala","GTM",2015,6.464986801
"587","Guatemala","GTM",2016,6.358916283
"588","Guatemala","GTM",2017,6.325118542
"589","Guatemala","GTM",2018,6.626591682
"590","Guinea","GIN",2011,4.044569492
"591","Guinea","GIN",2012,3.651554823
"592","Guinea","GIN",2013,3.901793003
"593","Guinea","GIN",2014,3.4124825
"594","Guinea","GIN",2015,3.504693508
"595","Guinea","GIN",2016,3.602854729
"596","Guinea","GIN",2017,4.873722553
"597","Guinea","GIN",2018,5.25222683
"598","Guyana","GUY",2007,5.992826462
"599","Haiti","HTI",2006,3.754156113
"600","Haiti","HTI",2008,3.846329212
"601","Haiti","HTI",2010,3.76599884
"602","Haiti","HTI",2011,4.844573975
"603","Haiti","HTI",2012,4.413475037
"604","Haiti","HTI",2013,4.62196207
"605","Haiti","HTI",2014,3.888778448
"606","Haiti","HTI",2015,3.569762468
"607","Haiti","HTI",2016,3.352300167
"608","Haiti","HTI",2017,3.823865652
"609","Haiti","HTI",2018,3.614928007
"610","Honduras","HND",2006,5.396519661
"611","Honduras","HND",2007,5.09715414
"612","Honduras","HND",2008,5.420331001
"613","Honduras","HND",2009,6.033189297
"614","Honduras","HND",2010,5.866131306
"615","Honduras","HND",2011,4.961031437
"616","Honduras","HND",2012,4.602218151
"617","Honduras","HND",2013,4.713358402
"618","Honduras","HND",2014,5.055726051
"619","Honduras","HND",2015,4.845436573
"620","Honduras","HND",2016,5.648154736
"621","Honduras","HND",2017,6.019985676
"622","Honduras","HND",2018,5.908423901
"623","Hong Kong","HKG",2006,5.511187077
"624","Hong Kong","HKG",2008,5.137261868
"625","Hong Kong","HKG",2009,5.397055626
"626","Hong Kong","HKG",2010,5.642834663
"627","Hong Kong","HKG",2011,5.474010944
"628","Hong Kong","HKG",2012,5.483764648
"629","Hong Kong","HKG",2014,5.458050728
"630","Hong Kong","HKG",2016,5.498420715
"631","Hong Kong","HKG",2017,5.362474918
"632","Hungary","HUN",2005,5.193933487
"633","Hungary","HUN",2007,4.953917027
"634","Hungary","HUN",2009,4.894600391
"635","Hungary","HUN",2010,4.725132465
"636","Hungary","HUN",2011,4.917602539
"637","Hungary","HUN",2012,4.683358192
"638","Hungary","HUN",2013,4.914466858
"639","Hungary","HUN",2014,5.18056345
"640","Hungary","HUN",2015,5.34438324
"641","Hungary","HUN",2016,5.448901653
"642","Hungary","HUN",2017,6.065038681
"643","Iceland","ISL",2008,6.888284206
"644","Iceland","ISL",2012,7.590660095
"645","Iceland","ISL",2013,7.501394272
"646","Iceland","ISL",2015,7.498070717
"647","Iceland","ISL",2016,7.510034561
"648","Iceland","ISL",2017,7.476213932
"649","India","IND",2006,5.348258972
"650","India","IND",2007,5.02679348
"651","India","IND",2008,5.145833015
"652","India","IND",2009,4.521517754
"653","India","IND",2010,4.989277363
"654","India","IND",2011,4.634871483
"655","India","IND",2012,4.720146656
"656","India","IND",2013,4.427788734
"657","India","IND",2014,4.424379349
"658","India","IND",2015,4.342079163
"659","India","IND",2016,4.179177284
"660","India","IND",2017,4.046111107
"661","India","IND",2018,3.818068743
"662","Indonesia","IDN",2006,4.946978092
"663","Indonesia","IDN",2007,5.101213932
"664","Indonesia","IDN",2008,4.815309525
"665","Indonesia","IDN",2009,5.472361088
"666","Indonesia","IDN",2010,5.457299232
"667","Indonesia","IDN",2011,5.172608376
"668","Indonesia","IDN",2012,5.36777401
"669","Indonesia","IDN",2013,5.292237759
"670","Indonesia","IDN",2014,5.597375393
"671","Indonesia","IDN",2015,5.04279995
"672","Indonesia","IDN",2016,5.136325359
"673","Indonesia","IDN",2017,5.098401546
"674","Indonesia","IDN",2018,5.340295792
"675","Iran","IRN",2005,5.308190346
"676","Iran","IRN",2007,5.336371422
"677","Iran","IRN",2008,5.128988266
"678","Iran","IRN",2011,4.767507076
"679","Iran","IRN",2012,4.608927727
"680","Iran","IRN",2013,5.139579296
"681","Iran","IRN",2014,4.682224274
"682","Iran","IRN",2015,4.749955654
"683","Iran","IRN",2016,4.652730942
"684","Iran","IRN",2017,4.716783047
"685","Iran","IRN",2018,4.278117657
"686","Iraq","IRQ",2008,4.589844704
"687","Iraq","IRQ",2009,4.775316715
"688","Iraq","IRQ",2010,5.065462112
"689","Iraq","IRQ",2011,4.725366116
"690","Iraq","IRQ",2012,4.659508705
"691","Iraq","IRQ",2013,4.725017071
"692","Iraq","IRQ",2014,4.541502476
"693","Iraq","IRQ",2015,4.493377209
"694","Iraq","IRQ",2016,4.412537098
"695","Iraq","IRQ",2017,4.462399006
"696","Ireland","IRL",2006,7.144246578
"697","Ireland","IRL",2008,7.568029881
"698","Ireland","IRL",2009,7.045911312
"699","Ireland","IRL",2010,7.257389545
"700","Ireland","IRL",2011,7.006904125
"701","Ireland","IRL",2012,6.964645386
"702","Ireland","IRL",2013,6.760085106
"703","Ireland","IRL",2014,7.018379211
"704","Ireland","IRL",2015,6.830125332
"705","Ireland","IRL",2016,7.04073143
"706","Ireland","IRL",2017,7.060155392
"707","Ireland","IRL",2018,6.962335587
"708","Israel","ISR",2006,7.173417091
"709","Israel","ISR",2007,6.841114998
"710","Israel","ISR",2008,7.261261463
"711","Israel","ISR",2009,7.352979183
"712","Israel","ISR",2010,7.358916283
"713","Israel","ISR",2011,7.433147907
"714","Israel","ISR",2012,7.110854626
"715","Israel","ISR",2013,7.320563316
"716","Israel","ISR",2014,7.400570393
"717","Israel","ISR",2015,7.07941103
"718","Israel","ISR",2016,7.159010887
"719","Israel","ISR",2017,7.331036091
"720","Israel","ISR",2018,6.92717886
"721","Italy","ITA",2005,6.853783607
"722","Italy","ITA",2007,6.574412346
"723","Italy","ITA",2008,6.779774189
"724","Italy","ITA",2009,6.333800316
"725","Italy","ITA",2010,6.354238033
"726","Italy","ITA",2011,6.057086468
"727","Italy","ITA",2012,5.839313984
"728","Italy","ITA",2013,6.009373665
"729","Italy","ITA",2014,6.026585102
"730","Italy","ITA",2015,5.847683907
"731","Italy","ITA",2016,5.95452404
"732","Italy","ITA",2017,6.198870182
"733","Italy","ITA",2018,6.516526699
"734","Jamaica","JAM",2006,6.207881927
"735","Jamaica","JAM",2011,5.374446392
"736","Jamaica","JAM",2013,5.708886623
"737","Jamaica","JAM",2014,5.310538769
"738","Jamaica","JAM",2017,5.889759064
"739","Japan","JPN",2005,6.515817165
"740","Japan","JPN",2007,6.238197803
"741","Japan","JPN",2008,5.91067934
"742","Japan","JPN",2009,5.844999313
"743","Japan","JPN",2010,6.056752682
"744","Japan","JPN",2011,6.262793541
"745","Japan","JPN",2012,5.968216419
"746","Japan","JPN",2013,5.959361553
"747","Japan","JPN",2014,5.922620773
"748","Japan","JPN",2015,5.879684448
"749","Japan","JPN",2016,5.954650879
"750","Japan","JPN",2017,5.910676479
"751","Japan","JPN",2018,5.793575287
"752","Jordan","JOR",2005,6.294660091
"753","Jordan","JOR",2007,5.59805727
"754","Jordan","JOR",2008,4.930058002
"755","Jordan","JOR",2009,5.999859333
"756","Jordan","JOR",2010,5.569942474
"757","Jordan","JOR",2011,5.539327621
"758","Jordan","JOR",2012,5.131996155
"759","Jordan","JOR",2013,5.171952724
"760","Jordan","JOR",2014,5.333021641
"761","Jordan","JOR",2015,5.404593468
"762","Jordan","JOR",2016,5.27128458
"763","Jordan","JOR",2017,4.808082581
"764","Jordan","JOR",2018,4.638933659
"765","Kazakhstan","KAZ",2006,5.475948334
"766","Kazakhstan","KAZ",2007,5.718553543
"767","Kazakhstan","KAZ",2008,5.886419773
"768","Kazakhstan","KAZ",2009,5.382563114
"769","Kazakhstan","KAZ",2010,5.514286518
"770","Kazakhstan","KAZ",2011,5.735662937
"771","Kazakhstan","KAZ",2012,5.759469509
"772","Kazakhstan","KAZ",2013,5.835483074
"773","Kazakhstan","KAZ",2014,5.970097542
"774","Kazakhstan","KAZ",2015,5.949995041
"775","Kazakhstan","KAZ",2016,5.533551693
"776","Kazakhstan","KAZ",2017,5.882351398
"777","Kazakhstan","KAZ",2018,6.00763607
"778","Kenya","KEN",2006,4.223234177
"779","Kenya","KEN",2007,4.575657845
"780","Kenya","KEN",2008,4.015274525
"781","Kenya","KEN",2009,4.270434856
"782","Kenya","KEN",2010,4.255859375
"783","Kenya","KEN",2011,4.405310154
"784","Kenya","KEN",2012,4.547335148
"785","Kenya","KEN",2013,3.795383215
"786","Kenya","KEN",2014,4.904579639
"787","Kenya","KEN",2015,4.357617855
"788","Kenya","KEN",2016,4.396127701
"789","Kenya","KEN",2017,4.475654125
"790","Kenya","KEN",2018,4.655702591
"791","Kosovo","KOS",2007,5.103906155
"792","Kosovo","KOS",2008,5.521659851
"793","Kosovo","KOS",2009,5.891432762
"794","Kosovo","KOS",2010,5.17660141
"795","Kosovo","KOS",2011,4.859501839
"796","Kosovo","KOS",2012,5.639588356
"797","Kosovo","KOS",2013,6.125758171
"798","Kosovo","KOS",2014,5.000375271
"799","Kosovo","KOS",2015,5.077460766
"800","Kosovo","KOS",2016,5.759412289
"801","Kosovo","KOS",2017,6.149199963
"802","Kosovo","KOS",2018,6.391825676
"803","Kuwait","KWT",2006,6.075547218
"804","Kuwait","KWT",2009,6.585246086
"805","Kuwait","KWT",2010,6.798151016
"806","Kuwait","KWT",2011,6.377699375
"807","Kuwait","KWT",2012,6.221094608
"808","Kuwait","KWT",2013,6.480031013
"809","Kuwait","KWT",2014,6.180138588
"810","Kuwait","KWT",2015,6.146031857
"811","Kuwait","KWT",2016,5.947194576
"812","Kuwait","KWT",2017,6.093905449
"813","Kyrgyzstan","KGZ",2006,4.641398907
"814","Kyrgyzstan","KGZ",2007,4.697761536
"815","Kyrgyzstan","KGZ",2008,4.736588001
"816","Kyrgyzstan","KGZ",2009,5.06905365
"817","Kyrgyzstan","KGZ",2010,4.996410847
"818","Kyrgyzstan","KGZ",2011,4.921049118
"819","Kyrgyzstan","KGZ",2012,5.207785606
"820","Kyrgyzstan","KGZ",2013,5.40242672
"821","Kyrgyzstan","KGZ",2014,5.252192974
"822","Kyrgyzstan","KGZ",2015,4.905375957
"823","Kyrgyzstan","KGZ",2016,4.856534004
"824","Kyrgyzstan","KGZ",2017,5.629536629
"825","Kyrgyzstan","KGZ",2018,5.297383308
"826","Laos","LAO",2006,5.076225758
"827","Laos","LAO",2007,5.363854885
"828","Laos","LAO",2008,5.044098854
"829","Laos","LAO",2011,4.703749657
"830","Laos","LAO",2012,4.876084805
"831","Laos","LAO",2017,4.623140812
"832","Laos","LAO",2018,4.85940218
"833","Latvia","LVA",2006,4.70950222
"834","Latvia","LVA",2007,4.666971684
"835","Latvia","LVA",2008,5.145375252
"836","Latvia","LVA",2009,4.668910503
"837","Latvia","LVA",2011,4.966811657
"838","Latvia","LVA",2012,5.125025272
"839","Latvia","LVA",2013,5.069770336
"840","Latvia","LVA",2014,5.729115486
"841","Latvia","LVA",2015,5.880597591
"842","Latvia","LVA",2016,5.940446377
"843","Latvia","LVA",2017,5.977817535
"844","Latvia","LVA",2018,5.901154041
"845","Lebanon","LBN",2005,5.49124527
"846","Lebanon","LBN",2006,4.653103828
"847","Lebanon","LBN",2008,4.594851017
"848","Lebanon","LBN",2009,5.205998898
"849","Lebanon","LBN",2010,5.031899452
"850","Lebanon","LBN",2011,5.187571526
"851","Lebanon","LBN",2012,4.572566986
"852","Lebanon","LBN",2013,4.983288765
"853","Lebanon","LBN",2014,5.233025551
"854","Lebanon","LBN",2015,5.171971321
"855","Lebanon","LBN",2016,5.27072382
"856","Lebanon","LBN",2017,5.153989792
"857","Lebanon","LBN",2018,5.167186737
"858","Lesotho","LSO",2011,4.89751482
"859","Lesotho","LSO",2016,3.808204889
"860","Lesotho","LSO",2017,3.795300722
"861","Liberia","LBR",2007,3.701401234
"862","Liberia","LBR",2008,4.221354008
"863","Liberia","LBR",2010,4.196063042
"864","Liberia","LBR",2014,4.571419239
"865","Liberia","LBR",2015,2.701591253
"866","Liberia","LBR",2016,3.354676008
"867","Liberia","LBR",2017,4.424490929
"868","Liberia","LBR",2018,4.134852886
"869","Libya","LBY",2012,5.754394054
"870","Libya","LBY",2015,5.615404606
"871","Libya","LBY",2016,5.43358326
"872","Libya","LBY",2017,5.646852493
"873","Libya","LBY",2018,5.493977547
"874","Lithuania","LTU",2006,5.954442978
"875","Lithuania","LTU",2007,5.80828476
"876","Lithuania","LTU",2008,5.553925991
"877","Lithuania","LTU",2009,5.466920853
"878","Lithuania","LTU",2010,5.065824986
"879","Lithuania","LTU",2011,5.43243742
"880","Lithuania","LTU",2012,5.771037102
"881","Lithuania","LTU",2013,5.595689297
"882","Lithuania","LTU",2014,6.125723839
"883","Lithuania","LTU",2015,5.711378098
"884","Lithuania","LTU",2016,5.865552425
"885","Lithuania","LTU",2017,6.272940636
"886","Lithuania","LTU",2018,6.308878899
"887","Luxembourg","LUX",2009,6.957920074
"888","Luxembourg","LUX",2010,7.097251892
"889","Luxembourg","LUX",2011,7.101400375
"890","Luxembourg","LUX",2012,6.964097023
"891","Luxembourg","LUX",2013,7.130809307
"892","Luxembourg","LUX",2014,6.89112711
"893","Luxembourg","LUX",2015,6.701571465
"894","Luxembourg","LUX",2016,6.967340946
"895","Luxembourg","LUX",2017,7.061380863
"896","Luxembourg","LUX",2018,7.242630959
"897","Macedonia","MKD",2007,4.493598461
"898","Macedonia","MKD",2009,4.428021908
"899","Macedonia","MKD",2010,4.180202007
"900","Macedonia","MKD",2011,4.898180008
"901","Macedonia","MKD",2012,4.639647484
"902","Macedonia","MKD",2013,5.186190605
"903","Macedonia","MKD",2014,5.203825951
"904","Macedonia","MKD",2015,4.975589752
"905","Macedonia","MKD",2016,5.34574604
"906","Macedonia","MKD",2017,5.233866692
"907","Macedonia","MKD",2018,5.239834785
"908","Madagascar","MDG",2006,3.979751348
"909","Madagascar","MDG",2008,4.640079021
"910","Madagascar","MDG",2011,4.381415367
"911","Madagascar","MDG",2012,3.550609589
"912","Madagascar","MDG",2013,3.815607071
"913","Madagascar","MDG",2014,3.675626993
"914","Madagascar","MDG",2015,3.592514038
"915","Madagascar","MDG",2016,3.663085938
"916","Madagascar","MDG",2017,4.078620434
"917","Madagascar","MDG",2018,4.070586681
"918","Malawi","MWI",2006,3.829868078
"919","Malawi","MWI",2007,4.89103651
"920","Malawi","MWI",2009,5.148239613
"921","Malawi","MWI",2011,3.946062565
"922","Malawi","MWI",2012,4.279269695
"923","Malawi","MWI",2013,4.035084248
"924","Malawi","MWI",2014,4.563080311
"925","Malawi","MWI",2015,3.86763835
"926","Malawi","MWI",2016,3.476492643
"927","Malawi","MWI",2017,3.416862965
"928","Malawi","MWI",2018,3.334633589
"929","Malaysia","MYS",2006,6.011716843
"930","Malaysia","MYS",2007,6.238904476
"931","Malaysia","MYS",2008,5.806781769
"932","Malaysia","MYS",2009,5.384701729
"933","Malaysia","MYS",2010,5.580281734
"934","Malaysia","MYS",2011,5.786367416
"935","Malaysia","MYS",2012,5.914283752
"936","Malaysia","MYS",2013,5.770199776
"937","Malaysia","MYS",2014,5.962921619
"938","Malaysia","MYS",2015,6.322121143
"939","Malaysia","MYS",2018,5.338817596
"940","Mali","MLI",2006,4.014075756
"941","Mali","MLI",2008,4.114664078
"942","Mali","MLI",2009,3.976598501
"943","Mali","MLI",2010,3.762305021
"944","Mali","MLI",2011,4.666832924
"945","Mali","MLI",2012,4.313016891
"946","Mali","MLI",2013,3.676277161
"947","Mali","MLI",2014,3.974714279
"948","Mali","MLI",2015,4.582098484
"949","Mali","MLI",2016,4.016027927
"950","Mali","MLI",2017,4.741850376
"951","Mali","MLI",2018,4.415729523
"952","Malta","MLT",2009,6.32763958
"953","Malta","MLT",2010,5.77387476
"954","Malta","MLT",2011,6.154718399
"955","Malta","MLT",2012,5.962872028
"956","Malta","MLT",2013,6.379924774
"957","Malta","MLT",2014,6.45211792
"958","Malta","MLT",2015,6.61339426
"959","Malta","MLT",2016,6.590842247
"960","Malta","MLT",2017,6.675665855
"961","Malta","MLT",2018,6.909710884
"962","Mauritania","MRT",2007,4.149043083
"963","Mauritania","MRT",2008,4.248075008
"964","Mauritania","MRT",2009,4.500431538
"965","Mauritania","MRT",2010,4.772306919
"966","Mauritania","MRT",2011,4.784804344
"967","Mauritania","MRT",2012,4.673203945
"968","Mauritania","MRT",2013,4.199015141
"969","Mauritania","MRT",2014,4.482805252
"970","Mauritania","MRT",2015,3.922664165
"971","Mauritania","MRT",2016,4.472149372
"972","Mauritania","MRT",2017,4.678159714
"973","Mauritania","MRT",2018,4.313615322
"974","Mauritius","MUS",2011,5.477073193
"975","Mauritius","MUS",2014,5.647779942
"976","Mauritius","MUS",2016,5.610003471
"977","Mauritius","MUS",2017,6.174117565
"978","Mauritius","MUS",2018,5.88174057
"979","Mexico","MEX",2005,6.580657959
"980","Mexico","MEX",2007,6.525378227
"981","Mexico","MEX",2008,6.829036236
"982","Mexico","MEX",2009,6.962819099
"983","Mexico","MEX",2010,6.802388668
"984","Mexico","MEX",2011,6.909515381
"985","Mexico","MEX",2012,7.320185184
"986","Mexico","MEX",2013,7.442546368
"987","Mexico","MEX",2014,6.679831028
"988","Mexico","MEX",2015,6.236287117
"989","Mexico","MEX",2016,6.824172974
"990","Mexico","MEX",2017,6.410299301
"991","Mexico","MEX",2018,6.549578667
"992","Moldova","MDA",2006,5.102071285
"993","Moldova","MDA",2007,4.774918079
"994","Moldova","MDA",2008,5.502756119
"995","Moldova","MDA",2009,5.554374218
"996","Moldova","MDA",2010,5.589736462
"997","Moldova","MDA",2011,5.792262554
"998","Moldova","MDA",2012,5.995712757
"999","Moldova","MDA",2013,5.75605917
"1000","Moldova","MDA",2014,5.917058468
"1001","Moldova","MDA",2015,6.017472267
"1002","Moldova","MDA",2016,5.577784061
"1003","Moldova","MDA",2017,5.325530529
"1004","Moldova","MDA",2018,5.682277203
"1005","Mongolia","MNG",2007,4.609059334
"1006","Mongolia","MNG",2008,4.493010044
"1007","Mongolia","MNG",2010,4.585523605
"1008","Mongolia","MNG",2011,5.031173706
"1009","Mongolia","MNG",2012,4.885150433
"1010","Mongolia","MNG",2013,4.912928104
"1011","Mongolia","MNG",2014,4.824834824
"1012","Mongolia","MNG",2015,4.982719898
"1013","Mongolia","MNG",2016,5.056999683
"1014","Mongolia","MNG",2017,5.333850384
"1015","Mongolia","MNG",2018,5.464622974
"1016","Montenegro","MNE",2007,5.196315289
"1017","Montenegro","MNE",2009,4.8010602
"1018","Montenegro","MNE",2010,5.455030441
"1019","Montenegro","MNE",2011,5.223116875
"1020","Montenegro","MNE",2012,5.218724251
"1021","Montenegro","MNE",2013,5.074341774
"1022","Montenegro","MNE",2014,5.282720566
"1023","Montenegro","MNE",2015,5.124921322
"1024","Montenegro","MNE",2016,5.304066181
"1025","Montenegro","MNE",2017,5.614798546
"1026","Montenegro","MNE",2018,5.650189877
"1027","Morocco","MAR",2010,4.383247375
"1028","Morocco","MAR",2011,5.084972858
"1029","Morocco","MAR",2012,4.969656467
"1030","Morocco","MAR",2013,5.142160416
"1031","Morocco","MAR",2015,5.163156986
"1032","Morocco","MAR",2016,5.38630724
"1033","Morocco","MAR",2017,5.312482834
"1034","Morocco","MAR",2018,4.896791935
"1035","Mozambique","MOZ",2006,4.594879627
"1036","Mozambique","MOZ",2007,4.832634926
"1037","Mozambique","MOZ",2008,4.65358305
"1038","Mozambique","MOZ",2011,4.971111774
"1039","Mozambique","MOZ",2015,4.549767494
"1040","Mozambique","MOZ",2017,4.279863358
"1041","Mozambique","MOZ",2018,4.653713703
"1042","Myanmar","MMR",2012,4.438939571
"1043","Myanmar","MMR",2013,4.175670624
"1044","Myanmar","MMR",2014,4.786247253
"1045","Myanmar","MMR",2015,4.223846436
"1046","Myanmar","MMR",2016,4.623119831
"1047","Myanmar","MMR",2017,4.154341698
"1048","Myanmar","MMR",2018,4.410633087
"1049","Namibia","NAM",2007,4.885587215
"1050","Namibia","NAM",2014,4.573991299
"1051","Namibia","NAM",2017,4.441306114
"1052","Namibia","NAM",2018,4.834087849
"1053","Nepal","NPL",2006,4.566594601
"1054","Nepal","NPL",2007,4.74828434
"1055","Nepal","NPL",2008,4.440526485
"1056","Nepal","NPL",2009,4.91686821
"1057","Nepal","NPL",2010,4.349675179
"1058","Nepal","NPL",2011,3.809444666
"1059","Nepal","NPL",2012,4.233244896
"1060","Nepal","NPL",2013,4.604576588
"1061","Nepal","NPL",2014,4.975014687
"1062","Nepal","NPL",2015,4.812436581
"1063","Nepal","NPL",2016,5.099539757
"1064","Nepal","NPL",2017,4.736692429
"1065","Nepal","NPL",2018,4.910086632
"1066","Netherlands","NLD",2005,7.463979244
"1067","Netherlands","NLD",2007,7.451879501
"1068","Netherlands","NLD",2008,7.631011963
"1069","Netherlands","NLD",2010,7.501875877
"1070","Netherlands","NLD",2011,7.563797951
"1071","Netherlands","NLD",2012,7.470715523
"1072","Netherlands","NLD",2013,7.406550407
"1073","Netherlands","NLD",2014,7.32118845
"1074","Netherlands","NLD",2015,7.324437141
"1075","Netherlands","NLD",2016,7.540877342
"1076","Netherlands","NLD",2017,7.458965302
"1077","Netherlands","NLD",2018,7.463097095
"1078","New Zealand","NZL",2006,7.305014133
"1079","New Zealand","NZL",2007,7.604173183
"1080","New Zealand","NZL",2008,7.38117075
"1081","New Zealand","NZL",2010,7.223756313
"1082","New Zealand","NZL",2011,7.190638065
"1083","New Zealand","NZL",2012,7.249629974
"1084","New Zealand","NZL",2013,7.280151844
"1085","New Zealand","NZL",2014,7.305892467
"1086","New Zealand","NZL",2015,7.418120861
"1087","New Zealand","NZL",2016,7.225687981
"1088","New Zealand","NZL",2017,7.32718277
"1089","New Zealand","NZL",2018,7.370285988
"1090","Nicaragua","NIC",2006,4.460158348
"1091","Nicaragua","NIC",2007,4.944090843
"1092","Nicaragua","NIC",2008,5.103827477
"1093","Nicaragua","NIC",2009,5.352804661
"1094","Nicaragua","NIC",2010,5.68669939
"1095","Nicaragua","NIC",2011,5.385705471
"1096","Nicaragua","NIC",2012,5.448006153
"1097","Nicaragua","NIC",2013,5.772274971
"1098","Nicaragua","NIC",2014,6.275266647
"1099","Nicaragua","NIC",2015,5.924112797
"1100","Nicaragua","NIC",2016,6.012739658
"1101","Nicaragua","NIC",2017,6.476356506
"1102","Nicaragua","NIC",2018,5.81895256
"1103","Niger","NER",2006,3.736951828
"1104","Niger","NER",2007,4.277402401
"1105","Niger","NER",2008,4.235657215
"1106","Niger","NER",2009,4.267169952
"1107","Niger","NER",2010,4.101016045
"1108","Niger","NER",2011,4.555829525
"1109","Niger","NER",2012,3.798088312
"1110","Niger","NER",2013,3.716329813
"1111","Niger","NER",2014,4.180943489
"1112","Niger","NER",2015,3.671453714
"1113","Niger","NER",2016,4.234645844
"1114","Niger","NER",2017,4.615673542
"1115","Niger","NER",2018,5.164007187
"1116","Nigeria","NGA",2006,4.709745884
"1117","Nigeria","NGA",2007,4.890419483
"1118","Nigeria","NGA",2008,4.938560486
"1119","Nigeria","NGA",2009,4.980220318
"1120","Nigeria","NGA",2010,4.760275841
"1121","Nigeria","NGA",2012,5.492954254
"1122","Nigeria","NGA",2013,4.81786871
"1123","Nigeria","NGA",2015,4.932914734
"1124","Nigeria","NGA",2016,5.219567776
"1125","Nigeria","NGA",2017,5.321928024
"1126","Nigeria","NGA",2018,5.252288342
"1127","Northern Cyprus","CYN",2012,5.463305473
"1128","Northern Cyprus","CYN",2013,5.566802502
"1129","Northern Cyprus","CYN",2014,5.785978794
"1130","Northern Cyprus","CYN",2015,5.842550278
"1131","Northern Cyprus","CYN",2016,5.827127934
"1132","Northern Cyprus","CYN",2018,5.608056068
"1133","Norway","NOR",2006,7.415682316
"1134","Norway","NOR",2008,7.632287502
"1135","Norway","NOR",2012,7.678277016
"1136","Norway","NOR",2014,7.444470882
"1137","Norway","NOR",2015,7.603433609
"1138","Norway","NOR",2016,7.596331596
"1139","Norway","NOR",2017,7.578744888
"1140","Norway","NOR",2018,7.444262028
"1141","Oman","OMN",2011,6.852982044
"1142","Pakistan","PAK",2005,5.224657536
"1143","Pakistan","PAK",2007,5.671460629
"1144","Pakistan","PAK",2008,4.413918972
"1145","Pakistan","PAK",2009,5.208146572
"1146","Pakistan","PAK",2010,5.786132813
"1147","Pakistan","PAK",2011,5.267186165
"1148","Pakistan","PAK",2012,5.131565094
"1149","Pakistan","PAK",2013,5.138082504
"1150","Pakistan","PAK",2014,5.435657978
"1151","Pakistan","PAK",2015,4.823194981
"1152","Pakistan","PAK",2016,5.548508167
"1153","Pakistan","PAK",2017,5.830870628
"1154","Pakistan","PAK",2018,5.471553802
"1155","Palestine","PSE",2006,4.716387749
"1156","Palestine","PSE",2007,4.151053905
"1157","Palestine","PSE",2008,4.385603428
"1158","Palestine","PSE",2009,4.470191479
"1159","Palestine","PSE",2010,4.702603817
"1160","Palestine","PSE",2011,4.751219749
"1161","Palestine","PSE",2012,4.646608353
"1162","Palestine","PSE",2013,4.844027996
"1163","Palestine","PSE",2014,4.721938133
"1164","Palestine","PSE",2015,4.695239067
"1165","Palestine","PSE",2016,4.906618118
"1166","Palestine","PSE",2017,4.62813282
"1167","Palestine","PSE",2018,4.5539217
"1168","Panama","PAN",2006,6.127988338
"1169","Panama","PAN",2007,6.894139767
"1170","Panama","PAN",2008,6.930903435
"1171","Panama","PAN",2009,7.033740044
"1172","Panama","PAN",2010,7.3214674
"1173","Panama","PAN",2011,7.24808073
"1174","Panama","PAN",2012,6.859835625
"1175","Panama","PAN",2013,6.86648035
"1176","Panama","PAN",2014,6.631171227
"1177","Panama","PAN",2015,6.605550289
"1178","Panama","PAN",2016,6.117638111
"1179","Panama","PAN",2017,6.567658901
"1180","Panama","PAN",2018,6.281434059
"1181","Paraguay","PRY",2006,4.730082035
"1182","Paraguay","PRY",2007,5.272461414
"1183","Paraguay","PRY",2008,5.570061684
"1184","Paraguay","PRY",2009,5.576147079
"1185","Paraguay","PRY",2010,5.841174126
"1186","Paraguay","PRY",2011,5.677080631
"1187","Paraguay","PRY",2012,5.820058346
"1188","Paraguay","PRY",2013,5.936240673
"1189","Paraguay","PRY",2014,5.118641853
"1190","Paraguay","PRY",2015,5.559724331
"1191","Paraguay","PRY",2016,5.801380157
"1192","Paraguay","PRY",2017,5.71329546
"1193","Peru","PER",2006,4.810845375
"1194","Peru","PER",2007,5.213962078
"1195","Peru","PER",2008,5.129230976
"1196","Peru","PER",2009,5.518846989
"1197","Peru","PER",2010,5.612785339
"1198","Peru","PER",2011,5.892457485
"1199","Peru","PER",2012,5.824557304
"1200","Peru","PER",2013,5.782557487
"1201","Peru","PER",2014,5.865815639
"1202","Peru","PER",2015,5.577263355
"1203","Peru","PER",2016,5.700628757
"1204","Peru","PER",2017,5.710936546
"1205","Peru","PER",2018,5.679661274
"1206","Philippines","PHL",2006,4.669945717
"1207","Philippines","PHL",2007,5.073562145
"1208","Philippines","PHL",2008,4.589065075
"1209","Philippines","PHL",2009,4.879910946
"1210","Philippines","PHL",2010,4.941514015
"1211","Philippines","PHL",2011,4.993956566
"1212","Philippines","PHL",2012,5.001965046
"1213","Philippines","PHL",2013,4.976925373
"1214","Philippines","PHL",2014,5.312550068
"1215","Philippines","PHL",2015,5.547489166
"1216","Philippines","PHL",2016,5.430832863
"1217","Philippines","PHL",2017,5.594270229
"1218","Philippines","PHL",2018,5.869172573
"1219","Poland","POL",2005,5.587209225
"1220","Poland","POL",2007,5.886137486
"1221","Poland","POL",2009,5.772027493
"1222","Poland","POL",2010,5.887029648
"1223","Poland","POL",2011,5.646204948
"1224","Poland","POL",2012,5.87593174
"1225","Poland","POL",2013,5.746131897
"1226","Poland","POL",2014,5.750282288
"1227","Poland","POL",2015,6.007021904
"1228","Poland","POL",2016,6.162076473
"1229","Poland","POL",2017,6.201268196
"1230","Portugal","PRT",2006,5.405246258
"1231","Portugal","PRT",2008,5.716966629
"1232","Portugal","PRT",2010,5.094525814
"1233","Portugal","PRT",2011,5.219997883
"1234","Portugal","PRT",2012,4.993962288
"1235","Portugal","PRT",2013,5.157688141
"1236","Portugal","PRT",2014,5.12691164
"1237","Portugal","PRT",2015,5.080866337
"1238","Portugal","PRT",2016,5.446637154
"1239","Portugal","PRT",2017,5.711499214
"1240","Portugal","PRT",2018,5.919822693
"1241","Qatar","QAT",2009,6.417824268
"1242","Qatar","QAT",2010,6.849652767
"1243","Qatar","QAT",2011,6.591604233
"1244","Qatar","QAT",2012,6.611298561
"1245","Qatar","QAT",2015,6.374529362
"1246","Romania","ROU",2005,5.048648357
"1247","Romania","ROU",2007,5.393723965
"1248","Romania","ROU",2009,5.367565155
"1249","Romania","ROU",2010,4.909165859
"1250","Romania","ROU",2011,5.02275753
"1251","Romania","ROU",2012,5.166874886
"1252","Romania","ROU",2013,5.081584454
"1253","Romania","ROU",2014,5.726893425
"1254","Romania","ROU",2015,5.777491093
"1255","Romania","ROU",2016,5.96887064
"1256","Romania","ROU",2017,6.089904785
"1257","Romania","ROU",2018,6.150878906
"1258","Russia","RUS",2006,4.963742733
"1259","Russia","RUS",2007,5.222867489
"1260","Russia","RUS",2008,5.61875391
"1261","Russia","RUS",2009,5.158227921
"1262","Russia","RUS",2010,5.384773254
"1263","Russia","RUS",2011,5.388766289
"1264","Russia","RUS",2012,5.620735645
"1265","Russia","RUS",2013,5.537177563
"1266","Russia","RUS",2014,6.036976814
"1267","Russia","RUS",2015,5.995538712
"1268","Russia","RUS",2016,5.85494566
"1269","Russia","RUS",2017,5.578742981
"1270","Russia","RUS",2018,5.513500214
"1271","Rwanda","RWA",2006,4.21470356
"1272","Rwanda","RWA",2008,4.362988949
"1273","Rwanda","RWA",2009,4.029761791
"1274","Rwanda","RWA",2011,4.097435951
"1275","Rwanda","RWA",2012,3.333047867
"1276","Rwanda","RWA",2013,3.466387749
"1277","Rwanda","RWA",2014,3.595678329
"1278","Rwanda","RWA",2015,3.483108997
"1279","Rwanda","RWA",2016,3.332989931
"1280","Rwanda","RWA",2017,3.10837388
"1281","Rwanda","RWA",2018,3.5610466
"1282","Saudi Arabia","SAU",2005,7.079644203
"1283","Saudi Arabia","SAU",2007,7.266694069
"1284","Saudi Arabia","SAU",2008,6.811370373
"1285","Saudi Arabia","SAU",2009,6.14759016
"1286","Saudi Arabia","SAU",2010,6.307098389
"1287","Saudi Arabia","SAU",2011,6.699789524
"1288","Saudi Arabia","SAU",2012,6.396359444
"1289","Saudi Arabia","SAU",2013,6.495132923
"1290","Saudi Arabia","SAU",2014,6.27837801
"1291","Saudi Arabia","SAU",2015,6.345491886
"1292","Saudi Arabia","SAU",2016,6.473921299
"1293","Saudi Arabia","SAU",2017,6.294282436
"1294","Saudi Arabia","SAU",2018,6.356393337
"1295","Senegal","SEN",2006,4.417352676
"1296","Senegal","SEN",2007,4.679986954
"1297","Senegal","SEN",2008,4.683499813
"1298","Senegal","SEN",2009,4.335114002
"1299","Senegal","SEN",2010,4.372156143
"1300","Senegal","SEN",2011,3.834201574
"1301","Senegal","SEN",2012,3.668736935
"1302","Senegal","SEN",2013,3.647367001
"1303","Senegal","SEN",2014,4.394777298
"1304","Senegal","SEN",2015,4.61700058
"1305","Senegal","SEN",2016,4.59453392
"1306","Senegal","SEN",2017,4.683024883
"1307","Senegal","SEN",2018,4.769377232
"1308","Serbia","SRB",2007,4.750383854
"1309","Serbia","SRB",2009,4.380311966
"1310","Serbia","SRB",2010,4.461304188
"1311","Serbia","SRB",2011,4.815186501
"1312","Serbia","SRB",2012,5.154521942
"1313","Serbia","SRB",2013,5.101840496
"1314","Serbia","SRB",2014,5.112728596
"1315","Serbia","SRB",2015,5.317685127
"1316","Serbia","SRB",2016,5.752754688
"1317","Serbia","SRB",2017,5.122031212
"1318","Serbia","SRB",2018,5.936493397
"1319","Sierra Leone","SLE",2006,3.628185034
"1320","Sierra Leone","SLE",2007,3.585127354
"1321","Sierra Leone","SLE",2008,2.997251034
"1322","Sierra Leone","SLE",2010,4.133955956
"1323","Sierra Leone","SLE",2011,4.501643658
"1324","Sierra Leone","SLE",2013,4.514291286
"1325","Sierra Leone","SLE",2014,4.499970436
"1326","Sierra Leone","SLE",2015,4.908617973
"1327","Sierra Leone","SLE",2016,4.732953072
"1328","Sierra Leone","SLE",2017,4.089562416
"1329","Sierra Leone","SLE",2018,4.305683136
"1330","Singapore","SGP",2006,6.462702751
"1331","Singapore","SGP",2007,6.833754539
"1332","Singapore","SGP",2008,6.641956806
"1333","Singapore","SGP",2009,6.144676685
"1334","Singapore","SGP",2010,6.531401634
"1335","Singapore","SGP",2011,6.561041832
"1336","Singapore","SGP",2013,6.53320694
"1337","Singapore","SGP",2014,7.062364578
"1338","Singapore","SGP",2015,6.619524956
"1339","Singapore","SGP",2016,6.033480644
"1340","Singapore","SGP",2017,6.378437996
"1341","Singapore","SGP",2018,6.374564171
"1342","Slovakia","SVK",2006,5.264676571
"1343","Slovakia","SVK",2010,6.052223206
"1344","Slovakia","SVK",2011,5.945048332
"1345","Slovakia","SVK",2012,5.91105938
"1346","Slovakia","SVK",2013,5.936527252
"1347","Slovakia","SVK",2014,6.1388731
"1348","Slovakia","SVK",2015,6.162004471
"1349","Slovakia","SVK",2016,5.993163109
"1350","Slovakia","SVK",2017,6.365509033
"1351","Slovakia","SVK",2018,6.23511076
"1352","Slovenia","SVN",2006,5.811264515
"1353","Slovenia","SVN",2009,5.830160618
"1354","Slovenia","SVN",2010,6.082555294
"1355","Slovenia","SVN",2011,6.035964012
"1356","Slovenia","SVN",2012,6.062891006
"1357","Slovenia","SVN",2013,5.974888802
"1358","Slovenia","SVN",2014,5.678395271
"1359","Slovenia","SVN",2015,5.740642071
"1360","Slovenia","SVN",2016,5.936821461
"1361","Slovenia","SVN",2017,6.166837692
"1362","Slovenia","SVN",2018,6.249419212
"1363","Somalia","SOM",2009,4.991399765
"1364","Somalia","SOM",2010,4.657363415
"1365","Somalia","SOM",2011,4.930571556
"1366","Somalia","SOM",2012,5.057314396
"1367","Somalia","SOM",2014,5.528272629
"1368","Somalia","SOM",2015,5.353644848
"1369","Somalia","SOM",2016,4.667941093
"1370","South Africa","ZAF",2006,5.083986759
"1371","South Africa","ZAF",2007,5.204454422
"1372","South Africa","ZAF",2008,5.346306801
"1373","South Africa","ZAF",2009,5.218430996
"1374","South Africa","ZAF",2010,4.652428627
"1375","South Africa","ZAF",2011,4.930511475
"1376","South Africa","ZAF",2012,5.133887768
"1377","South Africa","ZAF",2013,3.660727262
"1378","South Africa","ZAF",2014,4.828456402
"1379","South Africa","ZAF",2015,4.887325764
"1380","South Africa","ZAF",2016,4.769739628
"1381","South Africa","ZAF",2017,4.513655186
"1382","South Africa","ZAF",2018,4.8839221
"1383","South Korea","KOR",2006,5.332177639
"1384","South Korea","KOR",2007,5.76727581
"1385","South Korea","KOR",2008,5.389624596
"1386","South Korea","KOR",2009,5.647689819
"1387","South Korea","KOR",2010,6.116024494
"1388","South Korea","KOR",2011,6.946599007
"1389","South Korea","KOR",2012,6.003286839
"1390","South Korea","KOR",2013,5.958809853
"1391","South Korea","KOR",2014,5.801325321
"1392","South Korea","KOR",2015,5.780211449
"1393","South Korea","KOR",2016,5.970564365
"1394","South Korea","KOR",2017,5.873887062
"1395","South Korea","KOR",2018,5.840231419
"1396","South Sudan","SSD",2014,3.831992388
"1397","South Sudan","SSD",2015,4.070771217
"1398","South Sudan","SSD",2016,2.888112307
"1399","South Sudan","SSD",2017,2.816622496
"1400","Spain","ESP",2005,7.152785778
"1401","Spain","ESP",2007,6.994614601
"1402","Spain","ESP",2008,7.294472694
"1403","Spain","ESP",2009,6.198601246
"1404","Spain","ESP",2010,6.188262463
"1405","Spain","ESP",2011,6.518249035
"1406","Spain","ESP",2012,6.290690422
"1407","Spain","ESP",2013,6.150027275
"1408","Spain","ESP",2014,6.456477642
"1409","Spain","ESP",2015,6.380663395
"1410","Spain","ESP",2016,6.318612099
"1411","Spain","ESP",2017,6.230173111
"1412","Spain","ESP",2018,6.513370991
"1413","Sri Lanka","LKA",2006,4.344610691
"1414","Sri Lanka","LKA",2007,4.414805412
"1415","Sri Lanka","LKA",2008,4.430846214
"1416","Sri Lanka","LKA",2009,4.212026596
"1417","Sri Lanka","LKA",2010,3.976905107
"1418","Sri Lanka","LKA",2011,4.180569172
"1419","Sri Lanka","LKA",2012,4.224593163
"1420","Sri Lanka","LKA",2013,4.364694118
"1421","Sri Lanka","LKA",2014,4.267932892
"1422","Sri Lanka","LKA",2015,4.611606598
"1423","Sri Lanka","LKA",2017,4.330945492
"1424","Sri Lanka","LKA",2018,4.400223255
"1425","Sudan","SDN",2009,4.454917431
"1426","Sudan","SDN",2010,4.435159683
"1427","Sudan","SDN",2011,4.314456463
"1428","Sudan","SDN",2012,4.550499439
"1429","Sudan","SDN",2014,4.138672829
"1430","Suriname","SUR",2012,6.269286633
"1431","Swaziland","SWZ",2011,4.867091179
"1432","Swaziland","SWZ",2018,4.211565018
"1433","Sweden","SWE",2005,7.376315594
"1434","Sweden","SWE",2007,7.241362572
"1435","Sweden","SWE",2008,7.51599741
"1436","Sweden","SWE",2009,7.265977383
"1437","Sweden","SWE",2010,7.496018887
"1438","Sweden","SWE",2011,7.382232189
"1439","Sweden","SWE",2012,7.560147762
"1440","Sweden","SWE",2013,7.434010506
"1441","Sweden","SWE",2014,7.239147663
"1442","Sweden","SWE",2015,7.28892231
"1443","Sweden","SWE",2016,7.368744373
"1444","Sweden","SWE",2017,7.286804676
"1445","Sweden","SWE",2018,7.374792099
"1446","Switzerland","CHE",2006,7.473252773
"1447","Switzerland","CHE",2009,7.524520874
"1448","Switzerland","CHE",2012,7.776208878
"1449","Switzerland","CHE",2014,7.492803574
"1450","Switzerland","CHE",2015,7.572136879
"1451","Switzerland","CHE",2016,7.458519936
"1452","Switzerland","CHE",2017,7.473593235
"1453","Switzerland","CHE",2018,7.508586884
"1454","Syria","SYR",2008,5.32333231
"1455","Syria","SYR",2009,4.978970528
"1456","Syria","SYR",2010,4.464707851
"1457","Syria","SYR",2011,4.037889481
"1458","Syria","SYR",2012,3.164491177
"1459","Syria","SYR",2013,2.687552929
"1460","Syria","SYR",2015,3.46191287
"1461","Taiwan","TWN",2006,6.189050198
"1462","Taiwan","TWN",2008,5.547682285
"1463","Taiwan","TWN",2010,6.228530884
"1464","Taiwan","TWN",2011,6.308915138
"1465","Taiwan","TWN",2012,6.125916958
"1466","Taiwan","TWN",2013,6.340344429
"1467","Taiwan","TWN",2014,6.36349678
"1468","Taiwan","TWN",2015,6.450088024
"1469","Taiwan","TWN",2016,6.512850761
"1470","Taiwan","TWN",2017,6.359450817
"1471","Taiwan","TWN",2018,6.467004776
"1472","Tajikistan","TJK",2006,4.613099098
"1473","Tajikistan","TJK",2007,4.431608677
"1474","Tajikistan","TJK",2008,5.063986778
"1475","Tajikistan","TJK",2009,4.575174809
"1476","Tajikistan","TJK",2010,4.380636215
"1477","Tajikistan","TJK",2011,4.262671471
"1478","Tajikistan","TJK",2012,4.496571541
"1479","Tajikistan","TJK",2013,4.966521263
"1480","Tajikistan","TJK",2014,4.896157742
"1481","Tajikistan","TJK",2015,5.124210835
"1482","Tajikistan","TJK",2016,5.103721142
"1483","Tajikistan","TJK",2017,5.829234123
"1484","Tanzania","TZA",2006,3.922484159
"1485","Tanzania","TZA",2007,4.317949772
"1486","Tanzania","TZA",2008,4.384741783
"1487","Tanzania","TZA",2009,3.407507896
"1488","Tanzania","TZA",2010,3.229129076
"1489","Tanzania","TZA",2011,4.073562145
"1490","Tanzania","TZA",2012,4.006897449
"1491","Tanzania","TZA",2013,3.852394819
"1492","Tanzania","TZA",2014,3.483278513
"1493","Tanzania","TZA",2015,3.660597324
"1494","Tanzania","TZA",2016,2.90273428
"1495","Tanzania","TZA",2017,3.347121239
"1496","Tanzania","TZA",2018,3.445023298
"1497","Thailand","THA",2006,5.88543272
"1498","Thailand","THA",2007,5.783891201
"1499","Thailand","THA",2008,5.636471272
"1500","Thailand","THA",2009,5.475645065
"1501","Thailand","THA",2010,6.216702938
"1502","Thailand","THA",2011,6.663609028
"1503","Thailand","THA",2012,6.300235271
"1504","Thailand","THA",2013,6.231024742
"1505","Thailand","THA",2014,6.985463619
"1506","Thailand","THA",2015,6.201762676
"1507","Thailand","THA",2016,6.07363987
"1508","Thailand","THA",2017,5.938895226
"1509","Thailand","THA",2018,6.011561871
"1510","Togo","TGO",2006,3.202429295
"1511","Togo","TGO",2008,2.807855129
"1512","Togo","TGO",2011,2.936220884
"1513","Togo","TGO",2014,2.83895874
"1514","Togo","TGO",2015,3.768301964
"1515","Togo","TGO",2016,3.878578424
"1516","Togo","TGO",2017,4.360805035
"1517","Togo","TGO",2018,4.022894859
"1518","Trinidad and Tobago","TTO",2006,5.832188606
"1519","Trinidad and Tobago","TTO",2008,6.696444035
"1520","Trinidad and Tobago","TTO",2011,6.518745899
"1521","Trinidad and Tobago","TTO",2013,6.167706966
"1522","Trinidad and Tobago","TTO",2017,6.191859722
"1523","Tunisia","TUN",2009,5.025470257
"1524","Tunisia","TUN",2010,5.130520821
"1525","Tunisia","TUN",2011,4.87648201
"1526","Tunisia","TUN",2012,4.463531017
"1527","Tunisia","TUN",2013,5.245604992
"1528","Tunisia","TUN",2014,4.763594627
"1529","Tunisia","TUN",2015,5.131611824
"1530","Tunisia","TUN",2016,4.521453381
"1531","Tunisia","TUN",2017,4.124342918
"1532","Tunisia","TUN",2018,4.741132259
"1533","Turkey","TUR",2005,4.718733788
"1534","Turkey","TUR",2007,5.623471737
"1535","Turkey","TUR",2008,5.118231773
"1536","Turkey","TUR",2009,5.212841511
"1537","Turkey","TUR",2010,5.490347385
"1538","Turkey","TUR",2011,5.271944046
"1539","Turkey","TUR",2012,5.309076309
"1540","Turkey","TUR",2013,4.888177395
"1541","Turkey","TUR",2014,5.579794407
"1542","Turkey","TUR",2015,5.514465332
"1543","Turkey","TUR",2016,5.326221943
"1544","Turkey","TUR",2017,5.607262135
"1545","Turkey","TUR",2018,5.185689449
"1546","Turkmenistan","TKM",2009,6.567713261
"1547","Turkmenistan","TKM",2011,5.791754723
"1548","Turkmenistan","TKM",2012,5.463827133
"1549","Turkmenistan","TKM",2013,5.391762733
"1550","Turkmenistan","TKM",2014,5.787379265
"1551","Turkmenistan","TKM",2015,5.791460037
"1552","Turkmenistan","TKM",2016,5.887051582
"1553","Turkmenistan","TKM",2017,5.229148865
"1554","Turkmenistan","TKM",2018,4.620601654
"1555","Uganda","UGA",2006,3.733583927
"1556","Uganda","UGA",2007,4.45583868
"1557","Uganda","UGA",2008,4.568619251
"1558","Uganda","UGA",2009,4.611985683
"1559","Uganda","UGA",2010,4.192882061
"1560","Uganda","UGA",2011,4.826001167
"1561","Uganda","UGA",2012,4.309237957
"1562","Uganda","UGA",2013,3.709578753
"1563","Uganda","UGA",2014,3.769919157
"1564","Uganda","UGA",2015,4.237686634
"1565","Uganda","UGA",2016,4.233261108
"1566","Uganda","UGA",2017,4.000516891
"1567","Uganda","UGA",2018,4.321714878
"1568","Ukraine","UKR",2006,4.803954124
"1569","Ukraine","UKR",2007,5.25218153
"1570","Ukraine","UKR",2008,5.172380447
"1571","Ukraine","UKR",2009,5.1656394
"1572","Ukraine","UKR",2010,5.057561398
"1573","Ukraine","UKR",2011,5.083132744
"1574","Ukraine","UKR",2012,5.030342102
"1575","Ukraine","UKR",2013,4.710802555
"1576","Ukraine","UKR",2014,4.297329903
"1577","Ukraine","UKR",2015,3.964542866
"1578","Ukraine","UKR",2016,4.028690338
"1579","Ukraine","UKR",2017,4.311067104
"1580","Ukraine","UKR",2018,4.661909103
"1581","United Arab Emirates","ARE",2006,6.734221935
"1582","United Arab Emirates","ARE",2009,6.866062641
"1583","United Arab Emirates","ARE",2010,7.097455502
"1584","United Arab Emirates","ARE",2011,7.118701458
"1585","United Arab Emirates","ARE",2012,7.217766762
"1586","United Arab Emirates","ARE",2013,6.620951176
"1587","United Arab Emirates","ARE",2014,6.539854527
"1588","United Arab Emirates","ARE",2015,6.568397522
"1589","United Arab Emirates","ARE",2016,6.83095026
"1590","United Arab Emirates","ARE",2017,7.039419651
"1591","United Arab Emirates","ARE",2018,6.603743553
"1592","United Kingdom","GBR",2005,6.983556747
"1593","United Kingdom","GBR",2007,6.801930904
"1594","United Kingdom","GBR",2008,6.986463547
"1595","United Kingdom","GBR",2009,6.90654707
"1596","United Kingdom","GBR",2010,7.029364109
"1597","United Kingdom","GBR",2011,6.869248867
"1598","United Kingdom","GBR",2012,6.880784035
"1599","United Kingdom","GBR",2013,6.918055058
"1600","United Kingdom","GBR",2014,6.758147717
"1601","United Kingdom","GBR",2015,6.515445232
"1602","United Kingdom","GBR",2016,6.8242836
"1603","United Kingdom","GBR",2017,7.103273392
"1604","United Kingdom","GBR",2018,7.233445168
"1605","United States","USA",2006,7.18179369
"1606","United States","USA",2007,7.512687683
"1607","United States","USA",2008,7.280385971
"1608","United States","USA",2009,7.158032417
"1609","United States","USA",2010,7.16361618
"1610","United States","USA",2011,7.115138531
"1611","United States","USA",2012,7.026226997
"1612","United States","USA",2013,7.249285221
"1613","United States","USA",2014,7.151114464
"1614","United States","USA",2015,6.863946915
"1615","United States","USA",2016,6.803599834
"1616","United States","USA",2017,6.9917593
"1617","United States","USA",2018,6.882684708
"1618","Uruguay","URY",2006,5.785868168
"1619","Uruguay","URY",2007,5.693945885
"1620","Uruguay","URY",2008,5.663869858
"1621","Uruguay","URY",2009,6.296222687
"1622","Uruguay","URY",2010,6.062010765
"1623","Uruguay","URY",2011,6.554047108
"1624","Uruguay","URY",2012,6.449728489
"1625","Uruguay","URY",2013,6.444464684
"1626","Uruguay","URY",2014,6.561443806
"1627","Uruguay","URY",2015,6.628080368
"1628","Uruguay","URY",2016,6.171485424
"1629","Uruguay","URY",2017,6.336009979
"1630","Uruguay","URY",2018,6.371714592
"1631","Uzbekistan","UZB",2006,5.232322216
"1632","Uzbekistan","UZB",2008,5.311368465
"1633","Uzbekistan","UZB",2009,5.26072073
"1634","Uzbekistan","UZB",2010,5.095342159
"1635","Uzbekistan","UZB",2011,5.738744259
"1636","Uzbekistan","UZB",2012,6.019331932
"1637","Uzbekistan","UZB",2013,5.939986229
"1638","Uzbekistan","UZB",2014,6.049212456
"1639","Uzbekistan","UZB",2015,5.972364426
"1640","Uzbekistan","UZB",2016,5.892539024
"1641","Uzbekistan","UZB",2017,6.421447754
"1642","Uzbekistan","UZB",2018,6.205460072
"1643","Venezuela","VEN",2005,7.169620991
"1644","Venezuela","VEN",2006,6.525146008
"1645","Venezuela","VEN",2008,6.257771492
"1646","Venezuela","VEN",2009,7.188803196
"1647","Venezuela","VEN",2010,7.47845459
"1648","Venezuela","VEN",2011,6.579789162
"1649","Venezuela","VEN",2012,7.066577435
"1650","Venezuela","VEN",2013,6.552796364
"1651","Venezuela","VEN",2014,6.136096478
"1652","Venezuela","VEN",2015,5.568800449
"1653","Venezuela","VEN",2016,4.041114807
"1654","Venezuela","VEN",2017,5.070750713
"1655","Venezuela","VEN",2018,5.005663395
"1656","Vietnam","VNM",2006,5.293659687
"1657","Vietnam","VNM",2007,5.421687603
"1658","Vietnam","VNM",2008,5.480425358
"1659","Vietnam","VNM",2009,5.304264545
"1660","Vietnam","VNM",2010,5.295780659
"1661","Vietnam","VNM",2011,5.767344475
"1662","Vietnam","VNM",2012,5.53456974
"1663","Vietnam","VNM",2013,5.022698879
"1664","Vietnam","VNM",2014,5.084923267
"1665","Vietnam","VNM",2015,5.076315403
"1666","Vietnam","VNM",2016,5.062267303
"1667","Vietnam","VNM",2017,5.175278664
"1668","Vietnam","VNM",2018,5.295547009
"1669","Yemen","YEM",2007,4.477132797
"1670","Yemen","YEM",2009,4.809258938
"1671","Yemen","YEM",2010,4.35031271
"1672","Yemen","YEM",2011,3.746255636
"1673","Yemen","YEM",2012,4.060600758
"1674","Yemen","YEM",2013,4.217678547
"1675","Yemen","YEM",2014,3.967957973
"1676","Yemen","YEM",2015,2.982673883
"1677","Yemen","YEM",2016,3.825630903
"1678","Yemen","YEM",2017,3.253560066
"1679","Yemen","YEM",2018,3.057513952
"1680","Zambia","ZMB",2006,4.824454784
"1681","Zambia","ZMB",2007,3.998293161
"1682","Zambia","ZMB",2008,4.730263233
"1683","Zambia","ZMB",2009,5.260360718
"1684","Zambia","ZMB",2011,4.99911356
"1685","Zambia","ZMB",2012,5.013374805
"1686","Zambia","ZMB",2013,5.243995667
"1687","Zambia","ZMB",2014,4.345837116
"1688","Zambia","ZMB",2015,4.843164444
"1689","Zambia","ZMB",2016,4.347543716
"1690","Zambia","ZMB",2017,3.932777405
"1691","Zambia","ZMB",2018,4.041488171
"1692","Zimbabwe","ZWE",2006,3.826268435
"1693","Zimbabwe","ZWE",2007,3.280246735
"1694","Zimbabwe","ZWE",2008,3.174263716
"1695","Zimbabwe","ZWE",2009,4.055914402
"1696","Zimbabwe","ZWE",2010,4.681569576
"1697","Zimbabwe","ZWE",2011,4.845641613
"1698","Zimbabwe","ZWE",2012,4.955100536
"1699","Zimbabwe","ZWE",2013,4.690187931
"1700","Zimbabwe","ZWE",2014,4.184450626
"1701","Zimbabwe","ZWE",2015,3.70319128
"1702","Zimbabwe","ZWE",2016,3.7354002
"1703","Zimbabwe","ZWE",2017,3.63830018
"1704","Zimbabwe","ZWE",2018,3.616479874
